-- phpMyAdmin SQL Dump
-- version 4.7.9
-- https://www.phpmyadmin.net/
--
-- Host: 127.0.0.1
-- Generation Time: Nov 04, 2018 at 06:52 PM
-- Server version: 10.1.31-MariaDB
-- PHP Version: 7.2.3

SET SQL_MODE = "NO_AUTO_VALUE_ON_ZERO";
SET AUTOCOMMIT = 0;
START TRANSACTION;
SET time_zone = "+00:00";


/*!40101 SET @OLD_CHARACTER_SET_CLIENT=@@CHARACTER_SET_CLIENT */;
/*!40101 SET @OLD_CHARACTER_SET_RESULTS=@@CHARACTER_SET_RESULTS */;
/*!40101 SET @OLD_COLLATION_CONNECTION=@@COLLATION_CONNECTION */;
/*!40101 SET NAMES utf8mb4 */;

--
-- Database: `pickthebestteam`
--

-- --------------------------------------------------------

--
-- Table structure for table `country_state_city`
--

CREATE TABLE `country_state_city` (
  `id` int(11) NOT NULL,
  `country` varchar(50) NOT NULL,
  `state` varchar(50) NOT NULL,
  `city` varchar(50) NOT NULL
) ENGINE=InnoDB DEFAULT CHARSET=latin1;

--
-- Dumping data for table `country_state_city`
--

INSERT INTO `country_state_city` (`id`, `country`, `state`, `city`) VALUES
(1, 'United States', 'IL', 'Chicago'),
(2, 'United States', 'IL', 'Buffalo Grove'),
(3, 'Canada', 'Ontario', 'Toronto'),
(4, 'Canada', 'Ontario', 'Ottawa'),
(5, 'Mexico', 'Puebla Estado', 'Mexico City');

-- --------------------------------------------------------

--
-- Table structure for table `migrations`
--

CREATE TABLE `migrations` (
  `id` int(10) UNSIGNED NOT NULL,
  `migration` varchar(255) COLLATE utf8mb4_unicode_ci NOT NULL,
  `batch` int(11) NOT NULL
) ENGINE=InnoDB DEFAULT CHARSET=utf8mb4 COLLATE=utf8mb4_unicode_ci;

-- --------------------------------------------------------

--
-- Table structure for table `ptbtattendance`
--

CREATE TABLE `ptbtattendance` (
  `PTBTAttendanceId` int(11) NOT NULL,
  `PTBTEventId` int(11) NOT NULL,
  `PTBTUserId` int(11) DEFAULT NULL,
  `PTBTAttendanceTracker` char(1) NOT NULL
) ENGINE=InnoDB DEFAULT CHARSET=latin1;

-- --------------------------------------------------------

--
-- Table structure for table `ptbtcity`
--

CREATE TABLE `ptbtcity` (
  `id` int(11) UNSIGNED NOT NULL,
  `PTBTRegionId` int(11) UNSIGNED NOT NULL,
  `PTBTCountryId` int(11) UNSIGNED NOT NULL,
  `PTBTStProvId` int(11) UNSIGNED NOT NULL,
  `PTBTCity` char(20) DEFAULT NULL,
  `created_at` timestamp NULL DEFAULT NULL,
  `updated_at` timestamp NULL DEFAULT NULL,
  `deleted_at` timestamp NULL DEFAULT NULL
) ENGINE=InnoDB DEFAULT CHARSET=latin1;

--
-- Dumping data for table `ptbtcity`
--

INSERT INTO `ptbtcity` (`id`, `PTBTRegionId`, `PTBTCountryId`, `PTBTStProvId`, `PTBTCity`, `created_at`, `updated_at`, `deleted_at`) VALUES
(8, 1, 155, 5841, 'Libertyville2', '2018-06-10 07:00:00', '2018-07-05 17:59:49', NULL),
(9, 1, 155, 5841, 'Chicago2', '2018-06-10 06:00:00', '2018-06-20 04:48:04', NULL),
(11, 1, 155, 5841, 'Dundee2', '2018-06-13 01:16:47', '2018-06-20 04:48:10', NULL),
(14, 1, 155, 5841, 'Crystal Lake2', '2018-06-14 16:24:07', '2018-06-21 03:07:31', NULL),
(18, 1, 155, 5841, 'Elizabeth', '2018-07-05 21:51:37', '2018-07-05 21:51:37', NULL),
(19, 1, 155, 5843, 'Iowa City', '2018-07-10 23:20:43', '2018-07-10 23:20:43', NULL),
(21, 4, 86, 4292, 'Seeheim-Jugenheim', '2018-07-12 21:09:44', '2018-07-12 21:09:44', NULL),
(22, 4, 86, 4295, 'Karlsruhe', '2018-08-14 20:18:42', '2018-08-14 20:18:42', NULL),
(23, 1, 155, 5843, 'Ames', '2018-08-31 21:14:04', '2018-08-31 21:14:04', NULL),
(24, 1, 155, 5843, 'Cedar Rapids 2', '2018-08-31 21:14:33', '2018-08-31 21:14:42', NULL),
(25, 1, 155, 5843, 'audubon', '2018-09-09 22:07:06', '2018-09-09 22:07:06', NULL),
(26, 1, 155, 5843, 'Tama', '2018-09-10 23:44:58', '2018-09-10 23:44:58', NULL);

-- --------------------------------------------------------

--
-- Table structure for table `ptbtcountry`
--

CREATE TABLE `ptbtcountry` (
  `id` int(11) UNSIGNED NOT NULL,
  `PTBTRegionId` int(11) UNSIGNED NOT NULL,
  `PTBTCountryCode` char(5) NOT NULL,
  `PTBTCountryName` char(40) NOT NULL
) ENGINE=InnoDB DEFAULT CHARSET=latin1;

--
-- Dumping data for table `ptbtcountry`
--

INSERT INTO `ptbtcountry` (`id`, `PTBTRegionId`, `PTBTCountryCode`, `PTBTCountryName`) VALUES
(33, 5, 'AU', 'Australia'),
(34, 5, 'BN', 'Brunei'),
(35, 5, 'KH', 'Cambodia'),
(36, 5, 'CN', 'China'),
(37, 5, 'TL', 'East Timor (Timor-Leste)'),
(38, 5, 'FM', 'Federated States of Micronesia'),
(39, 5, 'FJ', 'Fiji'),
(40, 5, 'IN', 'India'),
(41, 5, 'ID', 'Indonesia'),
(42, 5, 'JP', 'Japan'),
(43, 5, 'KI', 'Kiribati'),
(44, 5, 'LA', 'Laos'),
(45, 5, 'MY', 'Malaysia'),
(46, 5, 'MH', 'Marshall Islands'),
(47, 5, 'NR', 'Nauru'),
(48, 5, 'NZ', 'New Zealand'),
(49, 5, 'KP', 'North Korea'),
(50, 5, 'PW', 'Palau'),
(51, 5, 'PG', 'Papua New Guinea'),
(52, 5, 'PH', 'Philippines'),
(53, 5, 'RU', 'Russia'),
(54, 5, 'WS', 'Samoa'),
(55, 5, 'SG', 'Singapore'),
(56, 5, 'SB', 'Solomon Islands'),
(57, 5, 'KR', 'South Korea'),
(58, 5, 'LK', 'Sri Lanka'),
(59, 5, 'TH', 'Thailand'),
(60, 5, 'TO', 'Tonga'),
(61, 5, 'TV', 'Tuvalu'),
(62, 5, 'TZ', 'United Republic of Tanzania'),
(63, 5, 'VU', 'Vanuatu'),
(64, 5, 'VN', 'Vietnam'),
(65, 4, 'AM', 'Armenia'),
(66, 4, 'AT', 'Austria'),
(67, 4, 'AZ', 'Azerbaijan'),
(68, 4, 'BH', 'Bahrain'),
(69, 4, 'BY', 'Belarus'),
(70, 4, 'BE', 'Belguim'),
(71, 4, 'BW', 'Botswana'),
(72, 4, 'BG', 'Bulgaria'),
(73, 4, 'BI', 'Burundi'),
(74, 4, 'KM', 'Comoros'),
(75, 4, 'HR', 'Croatia'),
(76, 4, 'CY', 'Cyprus'),
(77, 4, 'CZ', 'Czech Republic'),
(78, 4, 'DK', 'Denmark'),
(79, 4, 'DJ', 'Djibouti'),
(80, 4, 'EG', 'Egypt'),
(81, 4, 'ER', 'Eritrea'),
(82, 4, 'EE', 'Estonia'),
(83, 4, 'FI', 'Finland'),
(84, 4, 'FR', 'France'),
(85, 4, 'GE', 'Georgia'),
(86, 4, 'DE', 'Germany'),
(87, 4, 'GH', 'Ghana'),
(88, 4, 'GR', 'Greece'),
(89, 4, 'HU', 'Hungary'),
(90, 4, 'IR', 'Iran'),
(91, 4, 'IQ', 'Iraq'),
(92, 4, 'IE', 'Ireland'),
(93, 4, 'IL', 'Israel'),
(94, 4, 'IT', 'Italy'),
(95, 4, 'JO', 'Jordan'),
(96, 4, 'KZ', 'Kazakhstan'),
(97, 4, 'KE', 'Kenya'),
(98, 4, 'KW', 'Kuwait'),
(99, 4, 'LV', 'Latvia'),
(100, 4, 'LB', 'Lebanon'),
(101, 4, 'LT', 'Lithuania'),
(102, 4, 'LU', 'Luxembourg'),
(103, 4, 'MG', 'Madagascar'),
(104, 4, 'MW', 'Malawi'),
(105, 4, 'MA', 'Morocco'),
(106, 4, 'NA', 'Namibia'),
(107, 4, 'NL', 'Netherlands'),
(108, 4, 'NG', 'Nigeria'),
(109, 4, 'NO', 'Norway'),
(110, 4, 'OM', 'Oman'),
(111, 4, 'PK', 'Pakistan'),
(112, 4, 'PL', 'Poland'),
(113, 4, 'PT', 'Portugal'),
(114, 4, 'QA', 'Qatar'),
(115, 4, 'SA', 'Saudi Arabia'),
(116, 4, 'SL', 'Sierra Leone'),
(117, 4, 'ZA', 'South Africa'),
(118, 4, 'ES', 'Spain'),
(119, 4, 'SZ', 'Swaziland'),
(120, 4, 'SY', 'Syria'),
(121, 4, 'TJ', 'Tajikistan'),
(122, 4, 'TR', 'Turkey'),
(123, 4, 'UA', 'Ukraine'),
(124, 4, 'AE', 'United Arab Emirates'),
(125, 4, 'GB', 'United Kingdom'),
(126, 4, 'YE', 'Yemen'),
(127, 4, 'ZM', 'Zambia'),
(128, 3, 'AR', 'Argentina'),
(129, 3, 'AW', 'Aurba'),
(130, 3, 'BZ', 'Belize'),
(131, 3, 'BO', 'Boliva'),
(132, 3, 'BR', 'Brazil'),
(133, 3, 'CL', 'Chile'),
(134, 3, 'CO', 'Columbia'),
(135, 3, 'CR', 'Costa Rica'),
(136, 3, 'CU', 'Cuba'),
(137, 3, 'DO', 'Dominican Republic'),
(138, 3, 'EC', 'Ecuador'),
(139, 3, 'SV', 'El Salvador'),
(140, 3, 'GF', 'French Guiana'),
(141, 3, 'GT', 'Guatemala'),
(142, 3, 'HT', 'Haiti'),
(143, 3, 'HN', 'Honduras'),
(144, 3, 'JM', 'Jamaica'),
(145, 3, 'MX', 'Mexico'),
(146, 3, 'NI', 'Nicaragua'),
(147, 3, 'PA', 'Panama'),
(148, 3, 'PY', 'Paraguay'),
(149, 3, 'PE', 'Peru'),
(150, 3, 'PR', 'Puerto Rico'),
(151, 3, 'MF', 'Saint Martin'),
(152, 3, 'UY', 'Uruguay'),
(153, 3, 'VE', 'Venezuela'),
(154, 1, 'CA', 'Canada'),
(155, 1, 'US', 'United States');

-- --------------------------------------------------------

--
-- Table structure for table `ptbtevents`
--

CREATE TABLE `ptbtevents` (
  `PTBTEventId` int(11) NOT NULL,
  `PTBTHomeTeamId` int(11) NOT NULL,
  `PTBTAwayTeamId` int(11) NOT NULL,
  `PTBTStart` timestamp NOT NULL DEFAULT CURRENT_TIMESTAMP ON UPDATE CURRENT_TIMESTAMP,
  `PTBTEnd` timestamp NOT NULL DEFAULT '0000-00-00 00:00:00',
  `PTBTWinningTeamId` int(11) DEFAULT NULL,
  `PTBTLosingTeam` int(11) DEFAULT NULL,
  `PTBTEventType` char(40) DEFAULT NULL
) ENGINE=InnoDB DEFAULT CHARSET=latin1;

-- --------------------------------------------------------

--
-- Table structure for table `ptbtproduct`
--

CREATE TABLE `ptbtproduct` (
  `id` int(11) NOT NULL,
  `prodname` varchar(155) NOT NULL,
  `qty` int(11) NOT NULL,
  `price` double NOT NULL,
  `prod_cat_id` int(11) NOT NULL
) ENGINE=InnoDB DEFAULT CHARSET=latin1;

--
-- Dumping data for table `ptbtproduct`
--

INSERT INTO `ptbtproduct` (`id`, `prodname`, `qty`, `price`, `prod_cat_id`) VALUES
(1, 'Item A', 500, 1.5, 1),
(2, 'Item B', 765, 1.2, 4),
(3, 'item c', 15000, 0.5, 1);

-- --------------------------------------------------------

--
-- Table structure for table `ptbtprod_cat`
--

CREATE TABLE `ptbtprod_cat` (
  `id` int(11) NOT NULL,
  `product_cat_name` varchar(155) NOT NULL
) ENGINE=InnoDB DEFAULT CHARSET=latin1;

--
-- Dumping data for table `ptbtprod_cat`
--

INSERT INTO `ptbtprod_cat` (`id`, `product_cat_name`) VALUES
(1, 'Toys'),
(2, 'cars'),
(3, 'computers'),
(4, 'mobile');

-- --------------------------------------------------------

--
-- Table structure for table `ptbtregion`
--

CREATE TABLE `ptbtregion` (
  `id` int(11) UNSIGNED NOT NULL,
  `PTBTRegionCode` char(5) NOT NULL,
  `PTBTRegionName` char(40) NOT NULL
) ENGINE=InnoDB DEFAULT CHARSET=latin1;

--
-- Dumping data for table `ptbtregion`
--

INSERT INTO `ptbtregion` (`id`, `PTBTRegionCode`, `PTBTRegionName`) VALUES
(1, 'NA', 'North America'),
(3, 'LA', 'Latin America'),
(4, 'EMEA', 'Europe, Middle East and Africa'),
(5, 'AP', 'Asia Pacific');

-- --------------------------------------------------------

--
-- Table structure for table `ptbtstprov`
--

CREATE TABLE `ptbtstprov` (
  `id` int(11) UNSIGNED NOT NULL,
  `PTBTStProvName` char(80) NOT NULL,
  `PTBTCountryId` int(11) UNSIGNED NOT NULL,
  `PTBTRegionId` int(11) UNSIGNED NOT NULL,
  `PTBTStProvCode` char(8) NOT NULL
) ENGINE=InnoDB DEFAULT CHARSET=latin1;

--
-- Dumping data for table `ptbtstprov`
--

INSERT INTO `ptbtstprov` (`id`, `PTBTStProvName`, `PTBTCountryId`, `PTBTRegionId`, `PTBTStProvCode`) VALUES
(3105, 'New South Wales', 33, 5, 'AU-NSW'),
(3106, 'Queensland', 33, 5, 'AU-QLD'),
(3107, 'Tasmania', 33, 5, 'AU-TAS'),
(3108, 'Western Australia', 33, 5, 'AU-WA'),
(3109, 'Victoria', 33, 5, 'AU-VIC'),
(3110, 'South Australia', 33, 5, 'AU-SA'),
(3111, 'Brunei', 34, 5, 'BN'),
(3112, 'Takéo', 35, 5, 'KH-21'),
(3113, 'Svay Rieng', 35, 5, 'KH-20'),
(3114, 'Battambang', 35, 5, 'KH-2'),
(3115, 'Stung Treng', 35, 5, 'KH-19'),
(3116, 'Sihanoukville', 35, 5, 'KH-18'),
(3117, 'Siem Reap', 35, 5, 'KH-17'),
(3118, 'Phnom Penh', 35, 5, 'KH-16'),
(3119, 'Pursat', 35, 5, 'KH-15'),
(3120, 'Prey Veng', 35, 5, 'KH-14'),
(3121, 'Preah Vihear', 35, 5, 'KH-13'),
(3122, 'Ratanakiri', 35, 5, 'KH-12'),
(3123, 'Mondulkiri', 35, 5, 'KH-11'),
(3124, 'Kratié', 35, 5, 'KH-10'),
(3125, 'Banteay Meanchey', 35, 5, 'KH-1'),
(3126, 'Koh Kong', 35, 5, 'KH-9'),
(3127, 'Kandal', 35, 5, 'KH-8'),
(3128, 'Kampot', 35, 5, 'KH-7'),
(3129, 'Kampong Thom', 35, 5, 'KH-6'),
(3130, 'Kampong Speu', 35, 5, 'KH-5'),
(3131, 'Kampong Chhnang', 35, 5, 'KH-4'),
(3132, 'Kampong Cham', 35, 5, 'KH-3'),
(3133, 'Pailin', 35, 5, 'KH-24'),
(3134, 'Kep', 35, 5, 'KH-23'),
(3135, 'Kaddar Meancheay', 35, 5, 'KH-22'),
(3136, 'Aomen -Macao-', 36, 5, 'CN-92'),
(3137, 'Xianggang -Hong Kong-', 36, 5, 'CN-91'),
(3138, 'Taiwan', 36, 5, 'CN-71'),
(3139, 'Xinjiang', 36, 5, 'CN-65'),
(3140, 'Ningxia', 36, 5, 'CN-64'),
(3141, 'Qinghai', 36, 5, 'CN-63'),
(3142, 'Gansu', 36, 5, 'CN-62'),
(3143, 'Shaanxi', 36, 5, 'CN-61'),
(3144, 'Xizang', 36, 5, 'CN-54'),
(3145, 'Yunnan', 36, 5, 'CN-53'),
(3146, 'Guizhou', 36, 5, 'CN-52'),
(3147, 'Sichuan', 36, 5, 'CN-51'),
(3148, 'Chongqing', 36, 5, 'CN-50'),
(3149, 'Hainan', 36, 5, 'CN-46'),
(3150, 'Guangxi', 36, 5, 'CN-45'),
(3151, 'Guangdong', 36, 5, 'CN-44'),
(3152, 'Hunan', 36, 5, 'CN-43'),
(3153, 'Hubei', 36, 5, 'CN-42'),
(3154, 'Henan', 36, 5, 'CN-41'),
(3155, 'Shandong', 36, 5, 'CN-37'),
(3156, 'Jiangxi', 36, 5, 'CN-36'),
(3157, 'Fujian', 36, 5, 'CN-35'),
(3158, 'Anhui', 36, 5, 'CN-34'),
(3159, 'Shejiang', 36, 5, 'CN-33'),
(3160, 'Jiangsu', 36, 5, 'CN-32'),
(3161, 'Shanghai', 36, 5, 'CN-31'),
(3162, 'Heilongjiang', 36, 5, 'CN-23'),
(3163, 'Jilin', 36, 5, 'CN-22'),
(3164, 'Liaoning', 36, 5, 'CN-21'),
(3165, 'Nei Mongol', 36, 5, 'CN-15'),
(3166, 'Shanxi', 36, 5, 'CN-14'),
(3167, 'Hebei', 36, 5, 'CN-13'),
(3168, 'Tianjin', 36, 5, 'CN-12'),
(3169, 'Beijing', 36, 5, 'CN-11'),
(3170, 'Ciqueque', 37, 5, 'TL-VI'),
(3171, 'Cecussi', 37, 5, 'TL-OE'),
(3172, 'Manatuto', 37, 5, 'TL-MT'),
(3173, 'Manufahi', 37, 5, 'TL-MF'),
(3174, 'Liquiçá', 37, 5, 'TL-LI'),
(3175, 'Lautem', 37, 5, 'TL-3'),
(3176, 'Ermera', 37, 5, 'TL-ER'),
(3177, 'Dili', 37, 5, 'TL-DI'),
(3178, 'Cova-Lima', 37, 5, 'TL-CO'),
(3179, 'Bobonaro', 37, 5, 'TL-BO'),
(3180, 'Baucau', 37, 5, 'TL-BA'),
(3181, 'Ainaro', 37, 5, 'TL-AN'),
(3182, 'Aileu', 37, 5, 'TL-AL'),
(3183, 'Yap', 38, 5, 'FM-Y5'),
(3184, 'Chuuk', 38, 5, 'FM-TRK'),
(3185, 'Pohnpei', 38, 5, 'FM-PNI'),
(3186, 'Kosrae', 38, 5, 'FM-KSA'),
(3187, 'Fiji', 39, 5, 'FJ'),
(3188, 'West Bengal', 40, 5, 'IN-WB'),
(3189, 'Uttar Pradesh', 40, 5, 'IN-UP'),
(3190, 'Uttarakhand', 40, 5, 'IN-UL'),
(3191, 'Tripura', 40, 5, 'IN-TR'),
(3192, 'Tamil Nadu', 40, 5, 'IN-TN'),
(3193, 'Sikkim', 40, 5, 'IN-SK'),
(3194, 'Rajasthan', 40, 5, 'IN-RJ'),
(3195, 'Pondicherry', 40, 5, 'IN-PY'),
(3196, 'Punjab', 40, 5, 'IN-PB'),
(3197, 'Prissa', 40, 5, 'IN-OR'),
(3198, 'Nagaland', 40, 5, 'IN-NL'),
(3199, 'Mizoram', 40, 5, 'IN-MZ'),
(3200, 'Madhya Pradesh', 40, 5, 'IN-MP'),
(3201, 'Manipur', 40, 5, 'IN-MN'),
(3202, 'Meghalaya', 40, 5, 'IN-ML'),
(3203, 'Maharashtra', 40, 5, 'IN-46'),
(3204, 'Lakshadweep', 40, 5, 'IN-LD'),
(3205, 'Kerala', 40, 5, 'IN-KL'),
(3206, 'Karnataka', 40, 5, 'IN-KA'),
(3207, 'Jammu and Kashmir', 40, 5, 'IN-JK'),
(3208, 'Jharkhand', 40, 5, 'IN-JH'),
(3209, 'Haryana', 40, 5, 'IN-HR'),
(3210, 'Himachal', 40, 5, 'IN-HP'),
(3211, 'Gujarat', 40, 5, 'IN-GJ'),
(3212, 'Goa', 40, 5, 'IN-GA'),
(3213, 'Dadra and Nagar Haveli', 40, 5, 'IN-DN'),
(3214, 'Delhi', 40, 5, 'IN-DL'),
(3215, 'Daman and Diu', 40, 5, 'IN-DD'),
(3216, 'Chhattisgarh', 40, 5, 'IN-CT'),
(3217, 'Chandigarh', 40, 5, 'IN-CH'),
(3218, 'Bihar', 40, 5, 'IN-BR'),
(3219, 'Assam', 40, 5, 'IN-AS'),
(3220, 'Arunachal Pradesh', 40, 5, 'IN-AR'),
(3221, 'Andhra Pradesh', 40, 5, 'IN-5'),
(3222, 'Andaman and Nicobar Islands', 40, 5, 'IN-AN'),
(3223, 'Yogyakarta', 41, 5, 'ID-YO'),
(3224, 'West Papua', 41, 5, 'ID-WP'),
(3225, 'North Sumatra', 41, 5, 'ID-SU'),
(3226, 'Central Sulawesi', 41, 5, 'ID-ST'),
(3227, 'South Sumatra', 41, 5, 'ID-SS'),
(3228, 'West Sulawesi', 41, 5, 'ID-SR'),
(3229, 'South Sulawesi', 41, 5, 'ID-SN'),
(3230, 'South East Sulawesi', 41, 5, 'ID-SG'),
(3231, 'West Sumatra', 41, 5, 'ID-SB'),
(3232, 'North Sulawesi', 41, 5, 'ID-SA'),
(3233, 'Riau', 41, 5, 'ID-RI'),
(3234, 'Papua', 41, 5, 'ID-PA'),
(3235, 'East Nusa Tenggara', 41, 5, 'ID-NT'),
(3236, 'West Nusa Tenggara', 41, 5, 'ID-NB'),
(3237, 'North Maluku -N.Moluccas-', 41, 5, 'ID-MU'),
(3238, 'Maluku -Moluccas-', 41, 5, 'ID-MA'),
(3239, 'Lampung', 41, 5, 'ID-3'),
(3240, 'Central Kalimantan -C.Borneo-', 41, 5, 'ID-KT'),
(3241, 'South Kalimantan -S.Borneo-', 41, 5, 'ID-KS'),
(3242, 'Riau Islands', 41, 5, 'ID-KR'),
(3243, 'East Kalimantan -E.Borneo-', 41, 5, 'ID-43'),
(3244, 'West Kalimantan -W.Borneo-', 41, 5, 'ID-KB'),
(3245, 'Central Java', 41, 5, 'ID-JT'),
(3246, 'Jakarta', 41, 5, 'ID-JK'),
(3247, 'East Java', 41, 5, 'ID-JI'),
(3248, 'West Java', 41, 5, 'ID-JB'),
(3249, 'Jambi', 41, 5, 'ID-JA'),
(3250, 'Gorontalo', 41, 5, 'ID-GO'),
(3251, 'Banten', 41, 5, 'ID-BT'),
(3252, 'Bengkulu', 41, 5, 'ID-BE'),
(3253, 'Bangka-Belitung', 41, 5, 'ID-BB'),
(3254, 'Bali', 41, 5, 'ID-BA'),
(3255, 'Nanggroe Aceh Darussalam', 41, 5, 'ID-AC'),
(3256, 'Aiti (Aichi)', 42, 5, 'JP-23'),
(3257, 'Akita', 42, 5, 'JP-05'),
(3258, 'Aomori', 42, 5, 'JP-02'),
(3259, 'Ehime', 42, 5, 'JP-38'),
(3260, 'Hokkaidô (Hokkaido)', 42, 5, 'JP-01'),
(3261, 'Hukuoka (Fukuoka)', 42, 5, 'JP-40'),
(3262, 'Hyôgo (Hyogo)', 42, 5, 'JP-28'),
(3263, 'Isikawa (Ishikawa)', 42, 5, 'JP-17'),
(3264, 'Kagawa', 42, 5, 'JP-37'),
(3265, 'Nagano', 42, 5, 'JP-20'),
(3266, 'Miyazaki', 42, 5, 'JP-45'),
(3267, 'Miyagi', 42, 5, 'JP-04'),
(3268, 'Mie', 42, 5, 'JP-24'),
(3269, 'Kyôto -Kyoto-', 42, 5, 'JP-26'),
(3270, 'Kumamoto', 42, 5, 'JP-43'),
(3271, 'Koti ! Kôti -Kochi-', 42, 5, 'JP-39'),
(3272, 'Kanagawa', 42, 5, 'JP-14'),
(3273, 'Kagosima -Kagoshima-', 42, 5, 'JP-46'),
(3274, 'Saitama', 42, 5, 'JP-11'),
(3275, 'Saga', 42, 5, 'JP-41'),
(3276, 'Tasaka ! Ôsaka -Osaka-', 42, 5, 'JP-27'),
(3277, 'Takinawa', 42, 5, 'JP-47'),
(3278, 'Takayama', 42, 5, 'JP-33'),
(3279, 'Takaita ! Ôita -Oita-', 42, 5, 'JP-44'),
(3280, 'Niigata', 42, 5, 'JP-15'),
(3281, 'Nara', 42, 5, 'JP-29'),
(3282, 'Nagasaki', 42, 5, 'JP-42'),
(3283, 'Toyama', 42, 5, 'JP-16'),
(3284, 'Tottori', 42, 5, 'JP-31'),
(3285, 'Tokyô ! Tôkyô -Tokyo-', 42, 5, 'JP-13'),
(3286, 'Tokusima -Tokushima-', 42, 5, 'JP-36'),
(3287, 'Totigi -Tochigi-', 42, 5, 'JP-09'),
(3288, 'Tiba -Chiba-', 42, 5, 'JP-12'),
(3289, 'Sizuoka -Shizuoka-', 42, 5, 'JP-22'),
(3290, 'Simane -Shimane-', 42, 5, 'JP-32'),
(3291, 'Siga -Shiga-', 42, 5, 'JP-25'),
(3292, 'Yamanasi -Yamanashi-', 42, 5, 'JP-19'),
(3293, 'Yamaguti -Yamaguchi-', 42, 5, 'JP-35'),
(3294, 'Yamagata', 42, 5, 'JP-06'),
(3295, 'Wakayama', 42, 5, 'JP-30'),
(3296, 'Iwate', 42, 5, 'JP-03'),
(3297, 'Ibaraki', 42, 5, 'JP-08'),
(3298, 'Hukusima -Fukushima-', 42, 5, 'JP-07'),
(3299, 'Hukui -Fukui-', 42, 5, 'JP-18'),
(3300, 'Hirosima -Hiroshima-', 42, 5, 'JP-34'),
(3301, 'Gunma', 42, 5, 'JP-10'),
(3302, 'Gihu (Gifu)', 42, 5, 'JP-21'),
(3303, 'Kiribati', 43, 5, 'KI-1'),
(3304, 'Xaisomboun', 44, 5, 'LA-XN'),
(3305, 'Xiangkhouang', 44, 5, 'LA-XI'),
(3306, 'Sekong', 44, 5, 'LA-XE'),
(3307, 'Clientiane Prefecture', 44, 5, 'LA-VT'),
(3308, 'Clientiane Province', 44, 5, 'LA-VI'),
(3309, 'Savannakhet', 44, 5, 'LA-SV'),
(3310, 'Salavan', 44, 5, 'LA-SL'),
(3311, 'Sainyabuli', 44, 5, 'LA-SA'),
(3312, 'Phongsaly', 44, 5, 'LA-PH'),
(3313, 'Pudomxay', 44, 5, 'LA-OU'),
(3314, 'Luang Prabang', 44, 5, 'LA-LP'),
(3315, 'Louang Namtha', 44, 5, 'LA-LM'),
(3316, 'Khammouane', 44, 5, 'LA-35'),
(3317, 'Houaphanh', 44, 5, 'LA-HO'),
(3318, 'Champassack', 44, 5, 'LA-CH'),
(3319, 'Bolikhamsai', 44, 5, 'LA-BL'),
(3320, 'Bokeo', 44, 5, 'LA-BK'),
(3321, 'Attopu', 44, 5, 'LA-AT'),
(3322, 'Putrajaya', 45, 5, 'MY-16'),
(3323, 'Labuan', 45, 5, 'MY-15'),
(3324, 'Kuala Lumpur', 45, 5, 'MY-14'),
(3325, 'Sarawak', 45, 5, 'MY-13'),
(3326, 'Sabah', 45, 5, 'MY-12'),
(3327, 'Terengganu', 45, 5, 'MY-11'),
(3328, 'Selangor', 45, 5, 'MY-10'),
(3329, 'Perlis', 45, 5, 'MY-09'),
(3330, 'Perak', 45, 5, 'MY-08'),
(3331, 'Pulau Pinang', 45, 5, 'MY-07'),
(3332, 'Pahang', 45, 5, 'MY-06'),
(3333, 'Negeri Sembilan', 45, 5, 'MY-05'),
(3334, 'Melaka', 45, 5, 'MY-04'),
(3335, 'Kelantan', 45, 5, 'MY-03'),
(3336, 'Kedah', 45, 5, 'MY-02'),
(3337, 'Johor', 45, 5, 'MY-01'),
(3338, 'Kili', 46, 5, 'MH-KIL'),
(3339, 'Jaluit', 46, 5, 'MH-JAL'),
(3340, 'Eniwetok', 46, 5, 'MH-ENI'),
(3341, 'Ebon', 46, 5, 'MH-EBO'),
(3342, 'Aur', 46, 5, 'MH-AUR'),
(3343, 'Arno', 46, 5, 'MH-ARN'),
(3344, 'Ailinglapalap', 46, 5, 'MH-ALL'),
(3345, 'Ailuk', 46, 5, 'MH-ALK'),
(3346, 'Wotje', 46, 5, 'MH-WTJ'),
(3347, 'Wotho', 46, 5, 'MH-WTH'),
(3348, 'Utirik', 46, 5, 'MH-UTI'),
(3349, 'Ujelang', 46, 5, 'MH-UJL'),
(3350, 'Ujae', 46, 5, 'MH-UJA'),
(3351, 'Rongelap', 46, 5, 'MH-RON'),
(3352, 'Namu', 46, 5, 'MH-NMU'),
(3353, 'Namorik', 46, 5, 'MH-NMK'),
(3354, 'Mili', 46, 5, 'MH-MIL'),
(3355, 'Mejit', 46, 5, 'MH-MEJ'),
(3356, 'Maloelap', 46, 5, 'MH-MAL'),
(3357, 'Majuro', 46, 5, 'MH-MAJ'),
(3358, 'Likiep', 46, 5, 'MH-LIK'),
(3359, 'Lib', 46, 5, 'MH-LIB'),
(3360, 'Lae', 46, 5, 'MH-LAE'),
(3361, 'Kwajalein', 46, 5, 'MH-KWA'),
(3362, 'Baiti', 47, 5, 'NR-05'),
(3363, 'Anibare', 47, 5, 'NR-04'),
(3364, 'Anetan', 47, 5, 'NR-03'),
(3365, 'Anabar', 47, 5, 'NR-02'),
(3366, 'Aiwo', 47, 5, 'NR-01'),
(3367, 'Yaren', 47, 5, 'NR-14'),
(3368, 'Uaboe', 47, 5, 'NR-13'),
(3369, 'Nibok', 47, 5, 'NR-12'),
(3370, 'Meneng', 47, 5, 'NR-11'),
(3371, 'Ijuw', 47, 5, 'NR-10'),
(3372, 'Ewa', 47, 5, 'NR-09'),
(3373, 'Denigmodu', 47, 5, 'NR-08'),
(3374, 'Buada', 47, 5, 'NR-07'),
(3375, 'Boe', 47, 5, 'NR-06'),
(3376, 'Manawatu-Wanganui', 48, 5, 'NZ-MWT'),
(3377, 'Marlborough', 48, 5, 'NZ-MBH'),
(3378, 'Hawke\'s Bay', 48, 5, 'NZ-HKB'),
(3379, 'Gisborne', 48, 5, 'NZ-GIS'),
(3380, 'Canterbury', 48, 5, 'NZ-CAN'),
(3381, 'Bay of Plenty', 48, 5, 'NZ-BOP'),
(3382, 'Auckland', 48, 5, 'NZ-AUK'),
(3383, 'West Coast', 48, 5, 'NZ-WTC'),
(3384, 'Waikato', 48, 5, 'NZ-WKO'),
(3385, 'Wellington', 48, 5, 'NZ-WGN'),
(3386, 'Taranaki', 48, 5, 'NZ-T43'),
(3387, 'Tasman', 48, 5, 'NZ-TAS'),
(3388, 'Southland', 48, 5, 'NZ-S37'),
(3389, 'Tago', 48, 5, 'NZ-OTA'),
(3390, 'Northland', 48, 5, 'NZ-N37'),
(3391, 'Nelson', 48, 5, 'NZ-NSN'),
(3392, 'Ryanggang-do -Yanggang-do-', 49, 5, 'KP-YAN'),
(3393, 'P\'y?ngyang', 49, 5, 'KP-PYO'),
(3394, 'P\'y?ngan-namdo', 49, 5, 'KP-PYN'),
(3395, 'P\'y?ngan-bukto', 49, 5, 'KP-PYB'),
(3396, 'Nampo', 49, 5, 'KP-NAM'),
(3397, 'Ras?n', 49, 5, 'KP-NAJ'),
(3398, 'Kangw?n-do', 49, 5, 'KP-KAN'),
(3399, 'Kaes?ng', 49, 5, 'KP-KAE'),
(3400, 'Hwanghae-namdo', 49, 5, 'KP-HWN'),
(3401, 'Hwanghae-bukto', 49, 5, 'KP-HWB'),
(3402, 'Hamgy?ng-namdo', 49, 5, 'KP-HAN'),
(3403, 'Hamgy?ng-bukto', 49, 5, 'KP-HAB'),
(3404, 'Chagang-do', 49, 5, 'KP-CHA'),
(3405, 'Hatobohei', 50, 5, 'PW-050'),
(3406, 'Angaur', 50, 5, 'PW-010'),
(3407, 'Airai', 50, 5, 'PW-004'),
(3408, 'Aimeliik', 50, 5, 'PW-002'),
(3409, 'Sonsorol', 50, 5, 'PW-370'),
(3410, 'Peleliu', 50, 5, 'PW-350'),
(3411, 'Ngiwal', 50, 5, 'PW-228'),
(3412, 'Ngeremlengui', 50, 5, 'PW-227'),
(3413, 'Ngchesar', 50, 5, 'PW-226'),
(3414, 'Ngatpang', 50, 5, 'PW-224'),
(3415, 'Ngardmau', 50, 5, 'PW-222'),
(3416, 'Ngarchelong', 50, 5, 'PW-218'),
(3417, 'Ngaraard', 50, 5, 'PW-214'),
(3418, 'Melekeok', 50, 5, 'PW-212'),
(3419, 'Koror', 50, 5, 'PW-150'),
(3420, 'Kayangel', 50, 5, 'PW-100'),
(3421, 'Western', 51, 5, 'PG-WPD'),
(3422, 'Western Highlands', 51, 5, 'PG-WHM'),
(3423, 'West New Britain', 51, 5, 'PG-WBK'),
(3424, 'Southern Highlands', 51, 5, 'PG-SHM'),
(3425, 'Sandaun -West Sepik-', 51, 5, 'PG-SAN'),
(3426, 'North Solomons', 51, 5, 'PG-NSA'),
(3427, 'Northern', 51, 5, 'PG-NPP'),
(3428, 'New Ireland', 51, 5, 'PG-NIK'),
(3429, 'National Capital District -Port Moresby-', 51, 5, 'PG-NCD'),
(3430, 'Manus', 51, 5, 'PG-MRL'),
(3431, 'Madang', 51, 5, 'PG-MPM'),
(3432, 'Morobe', 51, 5, 'PG-MPL'),
(3433, 'Milne Bay', 51, 5, 'PG-MBA'),
(3434, 'Gulf', 51, 5, 'PG-GPK'),
(3435, 'East Sepik', 51, 5, 'PG-ESW'),
(3436, 'Enga', 51, 5, 'PG-E50'),
(3437, 'Eastern Highlands', 51, 5, 'PG-EHG'),
(3438, 'East New Britain', 51, 5, 'PG-EBR'),
(3439, 'Central', 51, 5, 'PG-CPM'),
(3440, 'Chimbu', 51, 5, 'PG-CPK'),
(3441, 'Mindoro Occidental', 52, 5, 'PH-MDC'),
(3442, 'Masbate', 52, 5, 'PH-MAS'),
(3443, 'Maguindanao', 52, 5, 'PH-MAG'),
(3444, 'Marinduque', 52, 5, 'PH-MAD'),
(3445, 'La Union', 52, 5, 'PH-LUN'),
(3446, 'Leyte', 52, 5, 'PH-LEY'),
(3447, 'Lanao del Sur', 52, 5, 'PH-LAS'),
(3448, 'Lanao del Norte', 52, 5, 'PH-LAN'),
(3449, 'Laguna', 52, 5, 'PH-LAG'),
(3450, 'Kalinga', 52, 5, 'PH-KAL'),
(3451, 'Isabela', 52, 5, 'PH-ISA'),
(3452, 'Ilocos Sur', 52, 5, 'PH-ILS'),
(3453, 'Ilocos Norte', 52, 5, 'PH-ILN'),
(3454, 'Iloilo', 52, 5, 'PH-ILI'),
(3455, 'Ifugao', 52, 5, 'PH-IFU'),
(3456, 'Guimaras', 52, 5, 'PH-GUI'),
(3457, 'Eastern Samar', 52, 5, 'PH-EAS'),
(3458, 'Davao del Norte', 52, 5, 'PH-DAV'),
(3459, 'Davao del Sur', 52, 5, 'PH-DAS'),
(3460, 'Davao Oriental', 52, 5, 'PH-DAO'),
(3461, 'Compostela Valley', 52, 5, 'PH-COM'),
(3462, 'Cebu', 52, 5, 'PH-CEB'),
(3463, 'Cavite', 52, 5, 'PH-CAV'),
(3464, 'Catanduanes', 52, 5, 'PH-CAT'),
(3465, 'Camarines Sur', 52, 5, 'PH-CAS'),
(3466, 'Capiz', 52, 5, 'PH-C5'),
(3467, 'Camarines Norte', 52, 5, 'PH-CAN'),
(3468, 'Camiguin', 52, 5, 'PH-CAM'),
(3469, 'Cagayan', 52, 5, 'PH-CAG'),
(3470, 'Bulacan', 52, 5, 'PH-BUL'),
(3471, 'Bukidnon', 52, 5, 'PH-BUK'),
(3472, 'Batanes', 52, 5, 'PH-BTN'),
(3473, 'Batangas', 52, 5, 'PH-BTG'),
(3474, 'Bohol', 52, 5, 'PH-BOH'),
(3475, 'Biliran', 52, 5, 'PH-BIL'),
(3476, 'Benguet', 52, 5, 'PH-BEN'),
(3477, 'Basilan', 52, 5, 'PH-BAS'),
(3478, 'Bataan', 52, 5, 'PH-BAN'),
(3479, 'Aurora', 52, 5, 'PH-AUR'),
(3480, 'Apayao', 52, 5, 'PH-APA'),
(3481, 'Antique', 52, 5, 'PH-ANT'),
(3482, 'Albay', 52, 5, 'PH-ALB'),
(3483, 'Aklan', 52, 5, 'PH-AKL'),
(3484, 'Agusan del Sur', 52, 5, 'PH-AGS'),
(3485, 'Agusan del Norte', 52, 5, 'PH-AGN'),
(3486, 'Abra', 52, 5, 'PH-ABR'),
(3487, 'Tamboanga Sibugay', 52, 5, 'PH-ZSI'),
(3488, 'Tambales', 52, 5, 'PH-ZMB'),
(3489, 'Tamboanga del Sur', 52, 5, 'PH-ZAS'),
(3490, 'Tamboanga del Norte', 52, 5, 'PH-ZAN'),
(3491, 'Samar -Western Samar-', 52, 5, 'PH-WSA'),
(3492, 'Tawi-Tawi', 52, 5, 'PH-TAW'),
(3493, 'Tarlac', 52, 5, 'PH-TAR'),
(3494, 'Surigao del Sur', 52, 5, 'PH-SUR'),
(3495, 'Surigao del Norte', 52, 5, 'PH-SUN'),
(3496, 'Sultan Kudarat', 52, 5, 'PH-SUK'),
(3497, 'Sorsogon', 52, 5, 'PH-SOR'),
(3498, 'Sulu', 52, 5, 'PH-SLU'),
(3499, 'Southern Leyte', 52, 5, 'PH-SLE'),
(3500, 'Siquijor', 52, 5, 'PH-SIG'),
(3501, 'South Cotabato', 52, 5, 'PH-SCO'),
(3502, 'Sarangani', 52, 5, 'PH-SAR'),
(3503, 'Romblon', 52, 5, 'PH-ROM'),
(3504, 'Rizal', 52, 5, 'PH-RIZ'),
(3505, 'Quirino', 52, 5, 'PH-QUI'),
(3506, 'Quezon', 52, 5, 'PH-QUE'),
(3507, 'Palawan', 52, 5, 'PH-PLW'),
(3508, 'Pangasinan', 52, 5, 'PH-PAN'),
(3509, 'Pampanga', 52, 5, 'PH-PAM'),
(3510, 'Nueva Vizcaya', 52, 5, 'PH-NUV'),
(3511, 'Nueva Ecija', 52, 5, 'PH-NUE'),
(3512, 'Northern Samar', 52, 5, 'PH-NSA'),
(3513, 'Negros Oriental', 52, 5, 'PH-NER'),
(3514, 'Negros Occidental', 52, 5, 'PH-NEC'),
(3515, 'Cotabato (North Cotabato)', 52, 5, 'PH-NCO'),
(3516, 'Misamis Oriental', 52, 5, 'PH-MSR'),
(3517, 'Misamis Occidental', 52, 5, 'PH-MSC'),
(3518, 'Mountain Province', 52, 5, 'PH-MOU'),
(3519, 'Mindoro Oriental', 52, 5, 'PH-MDR'),
(3520, 'Sakha (Yakutia) Republic', 53, 5, 'RU-SA'),
(3521, 'Ryazan Oblast', 53, 5, 'RU-RYA'),
(3522, 'Rostov Oblast', 53, 5, 'RU-ROS'),
(3523, 'Pskov Oblast', 53, 5, 'RU-PSK'),
(3524, 'Primorsky Krai', 53, 5, 'RU-PRI'),
(3525, 'Penza Oblast', 53, 5, 'RU-P48'),
(3526, 'Perm Krai', 53, 5, 'RU-PER'),
(3527, 'Kryol Oblast', 53, 5, 'RU-ORL'),
(3528, 'Krenburg Oblast', 53, 5, 'RU-ORE'),
(3529, 'Kmsk Oblast', 53, 5, 'RU-OMS'),
(3530, 'Novosibirsk Oblast', 53, 5, 'RU-NVS'),
(3531, 'Nizhny Novgorod Oblast', 53, 5, 'RU-NIZ'),
(3532, 'Novgorod Oblast', 53, 5, 'RU-NGR'),
(3533, 'Nenets Autonomous Okrug', 53, 5, 'RU-NEN'),
(3534, 'Murmansk Oblast', 53, 5, 'RU-MUR'),
(3535, 'Moscow (federal city)', 53, 5, 'RU-MOW'),
(3536, 'Moscow Oblast', 53, 5, 'RU-MOS'),
(3537, 'Republic of Mordovia', 53, 5, 'RU-MO'),
(3538, 'Mari El Republic', 53, 5, 'RU-ME'),
(3539, 'Magadan Oblast', 53, 5, 'RU-MAG'),
(3540, 'Lipetsk Oblast', 53, 5, 'RU-LIP'),
(3541, 'Leningrad Oblast', 53, 5, 'RU-LEN'),
(3542, 'Krasnoyarsk Krai', 53, 5, 'RU-KYA'),
(3543, 'Kursk Oblast', 53, 5, 'RU-KRS'),
(3544, 'Republic of Karelia', 53, 5, 'RU-KR'),
(3545, 'Kostroma Oblast', 53, 5, 'RU-KOS'),
(3546, 'Komi Republic', 53, 5, 'RU-KO'),
(3547, 'Kaluga Oblast', 53, 5, 'RU-KLU'),
(3548, 'Republic of Kalmykia', 53, 5, 'RU-KL'),
(3549, 'Republic of Khakassia', 53, 5, 'RU-KK'),
(3550, 'Kirov Oblast', 53, 5, 'RU-KIR'),
(3551, 'Khanty-Mansi Autonomous Okrug', 53, 5, 'RU-KHM'),
(3552, 'Khabarovsk Krai', 53, 5, 'RU-KHA'),
(3553, 'Kurgan Oblast', 53, 5, 'RU-KGN'),
(3554, 'Kaliningrad Oblast', 53, 5, 'RU-KGD'),
(3555, 'Kemerovo Oblast', 53, 5, 'RU-KEM'),
(3556, 'Krasnodar Krai', 53, 5, 'RU-KDA'),
(3557, 'Karachay-Cherkess Republic', 53, 5, 'RU-KC'),
(3558, 'Kabardino-Balkar Republic', 53, 5, 'RU-KB'),
(3559, 'Kamchatka Krai', 53, 5, 'RU-KAM'),
(3560, 'Ivanovo Oblast', 53, 5, 'RU-IVA'),
(3561, 'Irkutsk Oblast', 53, 5, 'RU-IRK'),
(3562, 'Republic of Ingushetia', 53, 5, 'RU-IN'),
(3563, 'Republic of Dagestan', 53, 5, 'RU-DA'),
(3564, 'Chuvash Republic', 53, 5, 'RU-CU'),
(3565, 'Chukotka Autonomous Okrug', 53, 5, 'RU-CHU'),
(3566, 'Chita Oblast', 53, 5, 'RU-CHI'),
(3567, 'Chelyabinsk Oblast', 53, 5, 'RU-CHE'),
(3568, 'Chechen Republic', 53, 5, 'RU-CE'),
(3569, 'Buryat Republic', 53, 5, 'RU-BU'),
(3570, 'Bryansk Oblast', 53, 5, 'RU-BRY'),
(3571, 'Belgorod Oblast', 53, 5, 'RU-BEL'),
(3572, 'Republic of Bashkortostan', 53, 5, 'RU-BA'),
(3573, 'Astrakhan Oblast', 53, 5, 'RU-AST'),
(3574, 'Arkhangelsk Oblast', 53, 5, 'RU-ARK'),
(3575, 'Amur Oblast', 53, 5, 'RU-AMU'),
(3576, 'Altai Krai', 53, 5, 'RU-ALT'),
(3577, 'Altai Republic', 53, 5, 'RU-AL'),
(3578, 'Agin-Buryat Autonomous Okrug', 53, 5, 'RU-AGB'),
(3579, 'Republic of Adygea', 53, 5, 'RU-AD'),
(3580, 'Stavropol Krai', 53, 5, 'RU-STA'),
(3581, 'St. Petersburg (federal city)', 53, 5, 'RU-SPE'),
(3582, 'Smolensk Oblast', 53, 5, 'RU-SMO'),
(3583, 'Republic of North Ossetia-Alania', 53, 5, 'RU-SE'),
(3584, 'Saratov Oblast', 53, 5, 'RU-SAR'),
(3585, 'Samara Oblast', 53, 5, 'RU-SAM'),
(3586, 'Sakhalin Oblast', 53, 5, 'RU-SAK'),
(3587, 'Jewish Autonomous Oblast', 53, 5, 'RU-YEV'),
(3588, 'Yaroslavl Oblast', 53, 5, 'RU-YAR'),
(3589, 'Yamalo-Nenets Autonomous Okrug', 53, 5, 'RU-YAN'),
(3590, 'Yoronezh Oblast', 53, 5, 'RU-VOR'),
(3591, 'Yologda Oblast', 53, 5, 'RU-VLG'),
(3592, 'Yadimir Oblast', 53, 5, 'RU-V3'),
(3593, 'yolgograd Oblast', 53, 5, 'RU-VGG'),
(3594, 'Ust-Orda Buryat Autonomous Okrug', 53, 5, 'RU-UOB'),
(3595, 'Ulyanovsk Oblast', 53, 5, 'RU-ULY'),
(3596, 'Udmurt Republic', 53, 5, 'RU-UD'),
(3597, 'Tyumen Oblast', 53, 5, 'RU-TYU'),
(3598, 'Tuva Republic', 53, 5, 'RU-TY'),
(3599, 'Tver Oblast', 53, 5, 'RU-TVE'),
(3600, 'Tula Oblast', 53, 5, 'RU-TUL'),
(3601, 'Tomsk Oblast', 53, 5, 'RU-TOM'),
(3602, 'Tambov Oblast', 53, 5, 'RU-TAM'),
(3603, 'Republic of Tatarstan', 53, 5, 'RU-TA'),
(3604, 'Sverdlovsk Oblast', 53, 5, 'RU-SVE'),
(3605, 'Taisigan', 54, 5, 'WS-VS'),
(3606, 'Ta\'a-o-Fonoti', 54, 5, 'WS-VF'),
(3607, 'Tuamasaga', 54, 5, 'WS-TU'),
(3608, 'Satupa\'itea', 54, 5, 'WS-SA'),
(3609, 'Palauli', 54, 5, 'WS-PA'),
(3610, 'Gagaifomauga', 54, 5, 'WS-GI'),
(3611, 'Gaga\'emauga', 54, 5, 'WS-GE'),
(3612, 'Fa\'asaleleaga', 54, 5, 'WS-FA'),
(3613, 'Atua', 54, 5, 'WS-AT'),
(3614, 'Aiga-i-le-Tai', 54, 5, 'WS-AL'),
(3615, 'A\'ana', 54, 5, 'WS-AA'),
(3616, 'South West', 55, 5, 'SG-05'),
(3617, 'South East', 55, 5, 'SG-04'),
(3618, 'North West', 55, 5, 'SG-03'),
(3619, 'North East', 55, 5, 'SG-02'),
(3620, 'Central Singapore', 55, 5, 'SG-01'),
(3621, 'Western', 56, 5, 'SB-WE'),
(3622, 'Temotu', 56, 5, 'SB-TE'),
(3623, 'Rennell and Bellona', 56, 5, 'SB-RB'),
(3624, 'Malaita', 56, 5, 'SB-ML'),
(3625, 'Makira', 56, 5, 'SB-MK'),
(3626, 'Isabel', 56, 5, 'SB-IS'),
(3627, 'Guadalcanal', 56, 5, 'SB-GU'),
(3628, 'Capital Territory (Honiara)', 56, 5, 'SB-CT'),
(3629, 'Choiseul', 56, 5, 'SB-CH'),
(3630, 'Central', 56, 5, 'SB-CE'),
(3631, 'Jeju-do', 57, 5, 'KR-49'),
(3632, 'Gyeongsangnam-do', 57, 5, 'KR-48'),
(3633, 'Gyeongsangbuk-do', 57, 5, 'KR-47'),
(3634, 'Jeollanam-do', 57, 5, 'KR-46'),
(3635, 'Jeollabuk-do', 57, 5, 'KR-45'),
(3636, 'Chungcheongnam-do', 57, 5, 'KR-44'),
(3637, 'Chungcheongbuk-do', 57, 5, 'KR-43'),
(3638, 'Gangwon-do', 57, 5, 'KR-42'),
(3639, 'Gyeonggi-do', 57, 5, 'KR-41'),
(3640, 'Ulsan Metropolitan City', 57, 5, 'KR-31'),
(3641, 'Daejeon Metropolitan City', 57, 5, 'KR-30'),
(3642, 'Gwangju Metropolitan City', 57, 5, 'KR-29'),
(3643, 'Incheon Metropolitan City', 57, 5, 'KR-28'),
(3644, 'Daegu Metropolitan City', 57, 5, 'KR-27'),
(3645, 'Busan Metropolitan City', 57, 5, 'KR-26'),
(3646, 'Seoul Special City', 57, 5, 'KR-11'),
(3647, 'Kegalla', 58, 5, 'LK-92'),
(3648, 'Ratnapura', 58, 5, 'LK-91'),
(3649, 'Sabaragamuwa Palata', 58, 5, 'LK-9'),
(3650, 'Monaragala', 58, 5, 'LK-82'),
(3651, 'Badulla', 58, 5, 'LK-81'),
(3652, 'Uva Palata', 58, 5, 'LK-8'),
(3653, 'Polonnaruwa', 58, 5, 'LK-72'),
(3654, 'Anuradhapura', 58, 5, 'LK-71'),
(3655, 'Uturumeda Palata (en: North Central Province)', 58, 5, 'LK-70'),
(3656, 'Puttalam', 58, 5, 'LK-62'),
(3657, 'Kurunegala', 58, 5, 'LK-61'),
(3658, 'Wayamba Palata (en: North Western Province)', 58, 5, 'LK-63'),
(3659, 'Rincomalee', 58, 5, 'LK-50'),
(3660, 'Ampara', 58, 5, 'LK-52'),
(3661, 'Batticaloa', 58, 5, 'LK-51'),
(3662, 'Negenahira Palata (en: Eastern Province)', 58, 5, 'LK-53'),
(3663, 'Mullaittivu', 58, 5, 'LK-45'),
(3664, 'Mavuniya', 58, 5, 'LK-44'),
(3665, 'Mannar', 58, 5, 'LK-43'),
(3666, 'Kilinochchi', 58, 5, 'LK-42'),
(3667, 'Jaffna', 58, 5, 'LK-41'),
(3668, 'Uturu Palata (en: Northern Province)', 58, 5, 'LK-40'),
(3669, 'Hambantota', 58, 5, 'LK-33'),
(3670, 'Matara', 58, 5, 'LK-32'),
(3671, 'Galle', 58, 5, 'LK-31'),
(3672, 'Dakunu Palata (en: Southern Province)', 58, 5, 'LK-30'),
(3673, 'Nuwara Eliya', 58, 5, 'LK-23'),
(3674, 'Matale', 58, 5, 'LK-22'),
(3675, 'Kandy', 58, 5, 'LK-21'),
(3676, 'Madhyama Palata (en: Central Province)', 58, 5, 'LK-20'),
(3677, 'Kalutara', 58, 5, 'LK-13'),
(3678, 'Gampaha', 58, 5, 'LK-12'),
(3679, 'Colombo', 58, 5, 'LK-11'),
(3680, 'Chumpon', 59, 5, 'LH-86'),
(3681, 'Ranong', 59, 5, 'LH-85'),
(3682, 'Surat Thani', 59, 5, 'LH-84'),
(3683, 'Phuket', 59, 5, 'LH-83'),
(3684, 'Phang Nga', 59, 5, 'LH-82'),
(3685, 'Krabi', 59, 5, 'LH-81'),
(3686, 'Nakhon Si Thammarat', 59, 5, 'LH-80'),
(3687, 'Prachuap Khiri Khan', 59, 5, 'LH-77'),
(3688, 'Phetchaburi', 59, 5, 'LH-76'),
(3689, 'Samut Songkhram', 59, 5, 'LH-75'),
(3690, 'Samut Sakhon', 59, 5, 'LH-74'),
(3691, 'Nakhon Pathom', 59, 5, 'LH-73'),
(3692, 'Suphanburi', 59, 5, 'LH-72'),
(3693, 'Kanchanaburi', 59, 5, 'LH-71'),
(3694, 'Ratchaburi', 59, 5, 'LH-70'),
(3695, 'Phetchabun', 59, 5, 'LH-67'),
(3696, 'Phichit', 59, 5, 'LH-66'),
(3697, 'Phitsanulok', 59, 5, 'LH-65'),
(3698, 'Sukhothai', 59, 5, 'LH-64'),
(3699, 'ak', 59, 5, 'LH-63'),
(3700, 'Kamphaeng Phet', 59, 5, 'LH-62'),
(3701, 'Uthai Thani', 59, 5, 'LH-61'),
(3702, 'Nakhon Sawan', 59, 5, 'LH-60'),
(3703, 'Mae Hong Son', 59, 5, 'LH-58'),
(3704, 'Chiang Rai', 59, 5, 'LH-57'),
(3705, 'Phayao', 59, 5, 'LH-56'),
(3706, 'Nan', 59, 5, 'LH-55'),
(3707, 'Phrae', 59, 5, 'LH-54'),
(3708, 'Uttaradit', 59, 5, 'LH-53'),
(3709, 'Lampang', 59, 5, 'LH-52'),
(3710, 'Lamphun', 59, 5, 'LH-51'),
(3711, 'Chiang Mai', 59, 5, 'LH-50'),
(3712, 'Mukdahan', 59, 5, 'LH-49'),
(3713, 'Nakhon Phanom', 59, 5, 'LH-48'),
(3714, 'Sakon Nakhon', 59, 5, 'LH-47'),
(3715, 'Kalasin', 59, 5, 'LH-46'),
(3716, 'Roi Et', 59, 5, 'LH-45'),
(3717, 'Maha Sarakham', 59, 5, 'LH-44'),
(3718, 'Nong Khai', 59, 5, 'LH-43'),
(3719, 'Loei', 59, 5, 'LH-42'),
(3720, 'Udon Thani', 59, 5, 'LH-41'),
(3721, 'Khon Kaen', 59, 5, 'LH-40'),
(3722, 'Nong Bua Lam Phu', 59, 5, 'LH-39'),
(3723, 'Amnat Charoen', 59, 5, 'LH-37'),
(3724, 'Chaiyaphum', 59, 5, 'LH-36'),
(3725, 'Yasothon', 59, 5, 'LH-35'),
(3726, 'Ubon Ratchathani', 59, 5, 'LH-34'),
(3727, 'Si Sa Ket', 59, 5, 'LH-33'),
(3728, 'Surin', 59, 5, 'LH-32'),
(3729, 'Buri Ram', 59, 5, 'LH-31'),
(3730, 'Nakhon Ratchasima', 59, 5, 'LH-30'),
(3731, 'Sa Kaeo', 59, 5, 'LH-27'),
(3732, 'Nakhon Nayok', 59, 5, 'LH-26'),
(3733, 'Prachin Buri', 59, 5, 'LH-25'),
(3734, 'Chachoengsao', 59, 5, 'LH-24'),
(3735, 'rat', 59, 5, 'LH-23'),
(3736, 'Chanthaburi', 59, 5, 'LH-22'),
(3737, 'Rayong', 59, 5, 'LH-21'),
(3738, 'Chon Buri', 59, 5, 'LH-20'),
(3739, 'Saraburi', 59, 5, 'LH-19'),
(3740, 'Chai Nat', 59, 5, 'LH-18'),
(3741, 'Sing Buri', 59, 5, 'LH-17'),
(3742, 'Lop Buri', 59, 5, 'LH-16'),
(3743, 'Ang Thong', 59, 5, 'LH-15'),
(3744, 'Phra Nakhon Si Ayutthaya', 59, 5, 'LH-14'),
(3745, 'Pathum Thani', 59, 5, 'LH-13'),
(3746, 'Nonthaburi', 59, 5, 'LH-12'),
(3747, 'Samut Prakan', 59, 5, 'LH-11'),
(3748, 'Bangkok', 59, 5, 'LH-10'),
(3749, 'Pattaya', 59, 5, 'LH-S'),
(3750, 'Narathiwat', 59, 5, 'LH-96'),
(3751, 'Yala', 59, 5, 'LH-95'),
(3752, 'Pattani', 59, 5, 'LH-94'),
(3753, 'Phattalung', 59, 5, 'LH-93'),
(3754, 'rang', 59, 5, 'LH-92'),
(3755, 'Satun', 59, 5, 'LH-91'),
(3756, 'Songkhla', 59, 5, 'LH-90'),
(3757, 'Vava\'u', 60, 5, 'TO-05'),
(3758, 'Congatapu', 60, 5, 'TO-04'),
(3759, 'Niuas', 60, 5, 'TO-03'),
(3760, 'Ha\'apai', 60, 5, 'TO-02'),
(3761, 'Eua', 60, 5, 'TO-01'),
(3762, 'Vaitupu', 61, 5, 'TV-VAI'),
(3763, 'Nanumanga', 61, 5, 'TV-NMG'),
(3764, 'Nanumea', 61, 5, 'TV-NMA'),
(3765, 'Nukulaelae', 61, 5, 'TV-NKL'),
(3766, 'Nukufetau', 61, 5, 'TV-NKF'),
(3767, 'Nui', 61, 5, 'TV-NIU'),
(3768, 'Niutao', 61, 5, 'TV-NIT'),
(3769, 'Funafuti', 61, 5, 'TV-FUN'),
(3770, 'sw:Kigoma', 62, 5, 'TZ-08'),
(3771, 'sw:Kaskazini Unguja', 62, 5, 'TZ-07'),
(3772, 'sw:Kaskazini Pemba', 62, 5, 'TZ-06'),
(3773, 'sw:Kagera', 62, 5, 'TZ-05'),
(3774, 'sw:Iringa', 62, 5, 'TZ-04'),
(3775, 'sw:Dodoma', 62, 5, 'TZ-03'),
(3776, 'sw:Dar es Salaam', 62, 5, 'TZ-02'),
(3777, 'sw:Arusha', 62, 5, 'TZ-01'),
(3778, 'sw:Tanga', 62, 5, 'TZ-25'),
(3779, 'sw:Tabora', 62, 5, 'TZ-24'),
(3780, 'sw:Singida', 62, 5, 'TZ-23'),
(3781, 'sw:Shinyanga', 62, 5, 'TZ-22'),
(3782, 'sw:Ruvuma', 62, 5, 'TZ-21'),
(3783, 'sw:Rukwa', 62, 5, 'TZ-20'),
(3784, 'sw:Pwani', 62, 5, 'TZ-19'),
(3785, 'sw:Mwanza', 62, 5, 'TZ-18'),
(3786, 'sw:Mtwara', 62, 5, 'TZ-17'),
(3787, 'sw:Manyara', 62, 5, 'TZ-26'),
(3788, 'sw:Morogoro', 62, 5, 'TZ-16'),
(3789, 'sw:Mjini Magharibi', 62, 5, 'TZ-15'),
(3790, 'sw:Mbeya', 62, 5, 'TZ-14'),
(3791, 'sw:Mara', 62, 5, 'TZ-13'),
(3792, 'sw:Lindi', 62, 5, 'TZ-12'),
(3793, 'sw:Kusini Unguja', 62, 5, 'TZ-11'),
(3794, 'sw:Kusini Pemba', 62, 5, 'TZ-10'),
(3795, 'sw:Kilimanjaro', 62, 5, 'TZ-09'),
(3796, 'Sanma', 63, 5, 'VU-SAM'),
(3797, 'Pénama', 63, 5, 'VU-PAM'),
(3798, 'Malampa', 63, 5, 'VU-M5'),
(3799, 'orba', 63, 5, 'VU-TOB'),
(3800, 'aféa', 63, 5, 'VU-TAE'),
(3801, 'Shéfa', 63, 5, 'VU-SEE'),
(3802, 'Hau Giang', 64, 5, 'VN-73'),
(3803, 'Ðak Nông', 64, 5, 'VN-72'),
(3804, 'Ðien Biên', 64, 5, 'VN-71'),
(3805, 'Vinh Phúc', 64, 5, 'VN-70'),
(3806, 'hái Nguyên', 64, 5, 'VN-69'),
(3807, 'Phú Tho', 64, 5, 'VN-68'),
(3808, 'Nam Ðinh', 64, 5, 'VN-67'),
(3809, 'Hung Yên', 64, 5, 'VN-66'),
(3810, 'ài Gòn', 64, 5, 'VN-65'),
(3811, 'Hà Noi', 64, 5, 'VN-64'),
(3812, 'Hà Nam', 64, 5, 'VN-63'),
(3813, 'Hai Phòng', 64, 5, 'VN-62'),
(3814, 'Hai Duong', 64, 5, 'VN-61'),
(3815, 'Ðà Nang', 64, 5, 'VN-60'),
(3816, 'Cà Mau', 64, 5, 'VN-59'),
(3817, 'Bình Phuoc', 64, 5, 'VN-58'),
(3818, 'Bình Duong', 64, 5, 'VN-57'),
(3819, 'Bac Ninh', 64, 5, 'VN-56'),
(3820, 'Bac Liêu', 64, 5, 'VN-55'),
(3821, 'Bac Giang', 64, 5, 'VN-54'),
(3822, 'Bac Kan', 64, 5, 'VN-53'),
(3823, 'Sóc Trang', 64, 5, 'VN-52'),
(3824, 'rà Vinh', 64, 5, 'VN-51'),
(3825, 'Ben Tre', 64, 5, 'VN-50'),
(3826, 'Vinh Long', 64, 5, 'VN-49'),
(3827, 'Can Tho', 64, 5, 'VN-48'),
(3828, 'Kiên Giang', 64, 5, 'VN-47'),
(3829, 'ien Giang', 64, 5, 'VN-46'),
(3830, 'Ðong Tháp', 64, 5, 'VN-45'),
(3831, 'An Giang', 64, 5, 'VN-44'),
(3832, 'Bà Ria-Vung Tàu', 64, 5, 'VN-43'),
(3833, 'Long An', 64, 5, 'VN-41'),
(3834, 'Bình Thuan', 64, 5, 'VN-40'),
(3835, 'Ðong Nai', 64, 5, 'VN-39'),
(3836, '\'ây Ninh', 64, 5, 'VN-37'),
(3837, 'Ninh Thuan', 64, 5, 'VN-36'),
(3838, 'Lâm Ðong', 64, 5, 'VN-35'),
(3839, 'Khánh Hòa', 64, 5, 'VN-34'),
(3840, 'Ðak Lak', 64, 5, 'VN-33'),
(3841, 'Phú Yên', 64, 5, 'VN-32'),
(3842, 'Bình Ðinh', 64, 5, 'VN-31'),
(3843, 'Gia Lai', 64, 5, 'VN-30'),
(3844, 'Quang Ngãi', 64, 5, 'VN-29'),
(3845, 'Kon Tum', 64, 5, 'VN-28'),
(3846, 'Quang Nam', 64, 5, 'VN-27'),
(3847, 'hua Thiên-Hue', 64, 5, 'VN-26'),
(3848, 'Quang Tri', 64, 5, 'VN-25'),
(3849, 'Quang Bình', 64, 5, 'VN-24'),
(3850, 'Hà Tinh', 64, 5, 'VN-23'),
(3851, 'Nghe An', 64, 5, 'VN-22'),
(3852, '\'hanh Hóa', 64, 5, 'VN-21'),
(3853, '\'hái Bình', 64, 5, 'VN-20'),
(3854, 'Ninh Bình', 64, 5, 'VN-18'),
(3855, 'Hà Tây', 64, 5, 'VN-15'),
(3856, 'Hòa Bình', 64, 5, 'VN-14'),
(3857, 'Quang Ninh', 64, 5, 'VN-13'),
(3858, 'Lang Son', 64, 5, 'VN-09'),
(3859, '\'uyên Quang', 64, 5, 'VN-07'),
(3860, 'Yên Bái', 64, 5, 'VN-06'),
(3861, '\'on La', 64, 5, 'VN-05'),
(3862, 'Cao Bang', 64, 5, 'VN-04'),
(3863, 'Hà Giang', 64, 5, 'VN-03'),
(3864, 'Lào Cai', 64, 5, 'VN-02'),
(3865, 'Lai Châu', 64, 5, 'VN-01'),
(3866, 'Vayoc Jor', 65, 4, 'AM-VD'),
(3867, 'avus', 65, 4, 'AM-TV'),
(3868, 'Syunik', 65, 4, 'AM-SU'),
(3869, 'Sirak', 65, 4, 'AM-SH'),
(3870, 'Loy', 65, 4, 'AM-LO'),
(3871, 'Kotayk', 65, 4, 'AM-KT'),
(3872, 'Gegark\'unik', 65, 4, 'AM-GR'),
(3873, 'Erevan', 65, 4, 'AM-ER'),
(3874, 'Armavir', 65, 4, 'AM-AV'),
(3875, 'Ararat', 65, 4, 'AM-AR'),
(3876, 'Aragacotn', 65, 4, 'AM-AG'),
(3877, 'Vienna', 66, 4, 'AT-9'),
(3878, 'Vorarlberg', 66, 4, 'AT-8'),
(3879, 'yrol', 66, 4, 'AT-7'),
(3880, 'Styria', 66, 4, 'AT-6'),
(3881, 'alzburg', 66, 4, 'AT-1'),
(3882, 'Upper Austria', 66, 4, 'AT-4'),
(3883, 'Lower Austria', 66, 4, 'AT-3'),
(3884, 'Carinthia', 66, 4, 'AT-2'),
(3885, 'Zerdab', 67, 4, 'AZ-ZAR'),
(3886, 'Zaqatala', 67, 4, 'AZ-ZAQ'),
(3887, 'Zangilan', 67, 4, 'AZ-ZAN'),
(3888, 'Yevlax', 67, 4, 'AZ-YEV'),
(3889, 'Yevlax', 67, 4, 'AZ-YE'),
(3890, 'Yardimli', 67, 4, 'AZ-YAR'),
(3891, 'Xocavand', 67, 4, 'AZ-XVD'),
(3892, 'Xizi', 67, 4, 'AZ-XIZ'),
(3893, 'Xocali', 67, 4, 'AZ-XCI'),
(3894, 'Xanlar', 67, 4, 'AZ-XAN'),
(3895, 'Xacmaz', 67, 4, 'AZ-XAC'),
(3896, 'Xankendi', 67, 4, 'AZ-XA'),
(3897, 'Ucar', 67, 4, 'AZ-UCA'),
(3898, 'ovuz', 67, 4, 'AZ-TOV'),
(3899, 'artar', 67, 4, 'AZ-TAR'),
(3900, 'Susa', 67, 4, 'AZ-SUS'),
(3901, 'Susa', 67, 4, 'AZ-SS'),
(3902, 'Samux', 67, 4, 'AZ-SMX'),
(3903, 'Samaxi', 67, 4, 'AZ-SMI'),
(3904, 'Sumqayit', 67, 4, 'AZ-SM'),
(3905, 'Samkir', 67, 4, 'AZ-S57'),
(3906, 'Siyezen', 67, 4, 'AZ-SIY'),
(3907, 'Saatli', 67, 4, 'AZ-SAT'),
(3908, 'Sarur', 67, 4, 'AZ-SAR'),
(3909, 'Salyan', 67, 4, 'AZ-SAL'),
(3910, 'Saki', 67, 4, 'AZ-SAK'),
(3911, 'Sahbuz', 67, 4, 'AZ-SAH'),
(3912, 'Sadarak', 67, 4, 'AZ-SAD'),
(3913, 'Sabirabad', 67, 4, 'AZ-SAB'),
(3914, 'Saki', 67, 4, 'AZ-SA'),
(3915, 'Qusar', 67, 4, 'AZ-QUS'),
(3916, 'Qobustan', 67, 4, 'AZ-QOB'),
(3917, 'Qubadli', 67, 4, 'AZ-QBI'),
(3918, 'Quba', 67, 4, 'AZ-QBA'),
(3919, 'Qazax', 67, 4, 'AZ-QAZ'),
(3920, 'Qax', 67, 4, 'AZ-QAX'),
(3921, 'Qabala', 67, 4, 'AZ-QAB'),
(3922, 'Ordubad', 67, 4, 'AZ-ORD'),
(3923, 'Oguz Oguz', 67, 4, 'AZ-OGU'),
(3924, 'Neftçala', 67, 4, 'AZ-NEF'),
(3925, 'Naftalan', 67, 4, 'AZ-NA'),
(3926, 'Mingeçevir', 67, 4, 'AZ-MI'),
(3927, 'Masalli', 67, 4, 'AZ-MAS'),
(3928, 'Lerik', 67, 4, 'AZ-LER'),
(3929, 'Lankaran', 67, 4, 'AZ-LAN'),
(3930, 'Lacin', 67, 4, 'AZ-LAC'),
(3931, 'Lankaran', 67, 4, 'AZ-LA'),
(3932, 'Kürd?mir', 67, 4, 'AZ-KUR'),
(3933, 'Kalbacar', 67, 4, 'AZ-KAL'),
(3934, 'Ismayilli', 67, 4, 'AZ-ISM'),
(3935, 'Imisil Imisli', 67, 4, 'AZ-IMI'),
(3936, 'Haciqabul', 67, 4, 'AZ-HAC'),
(3937, 'Göyçay', 67, 4, 'AZ-GOY'),
(3938, 'Goranboy', 67, 4, 'AZ-GOR'),
(3939, 'Gadabay', 67, 4, 'AZ-GAD'),
(3940, 'Ganca', 67, 4, 'AZ-GA'),
(3941, 'Füzuli', 67, 4, 'AZ-FUZ'),
(3942, 'Deveçi', 67, 4, 'AZ-DAV'),
(3943, 'Daskesen', 67, 4, 'AZ-DAS'),
(3944, 'Culfa', 67, 4, 'AZ-CUL'),
(3945, 'Calilabab', 67, 4, 'AZ-CAL'),
(3946, 'Cabrayil', 67, 4, 'AZ-CAB'),
(3947, 'Bilesuvar', 67, 4, 'AZ-BIL'),
(3948, 'Beyleqan', 67, 4, 'AZ-BEY'),
(3949, 'Barda', 67, 4, 'AZ-BAR'),
(3950, 'Balaken', 67, 4, 'AZ-BAL'),
(3951, 'Babek', 67, 4, 'AZ-BAB'),
(3952, 'Baki', 67, 4, 'AZ-BA'),
(3953, 'Astara', 67, 4, 'AZ-AST'),
(3954, 'Agsu', 67, 4, 'AZ-AGU'),
(3955, 'Agdas', 67, 4, 'AZ-AGS'),
(3956, 'Agdam', 67, 4, 'AZ-AGM'),
(3957, 'Agcabedi', 67, 4, 'AZ-AGC'),
(3958, 'Agstafa', 67, 4, 'AZ-AGA'),
(3959, 'Abseron', 67, 4, 'AZ-ABS'),
(3960, 'Ali Bayramli', 67, 4, 'AZ-AB'),
(3961, 'Ash Shamaliyah', 68, 4, 'BH-17'),
(3962, 'Al Wustá', 68, 4, 'BH-16'),
(3963, 'Al Mu arraq', 68, 4, 'BH-15'),
(3964, 'Al Janubiyah', 68, 4, 'BH-14'),
(3965, 'Al Manamah (Al ‘Asimah)', 68, 4, 'BH-13'),
(3966, 'Madinat amad', 68, 4, 'BH-12'),
(3967, 'Mintaqat Juzur awar', 68, 4, 'BH-11'),
(3968, 'Al Mintaqah al Gharbiyah', 68, 4, 'BH-10'),
(3969, 'Ar Rifa‘', 68, 4, 'BH-09'),
(3970, 'Madinat ‘Isá', 68, 4, 'BH-08'),
(3971, 'Al Mintaqah al Wustá', 68, 4, 'BH-07'),
(3972, 'Sitrah', 68, 4, 'BH-06'),
(3973, 'Al Mintaqah ash Shamaliyah', 68, 4, 'BH-05'),
(3974, 'Jidd afs', 68, 4, 'BH-04'),
(3975, 'Al Manamah', 68, 4, 'BH-03'),
(3976, 'Al Mu arraq', 68, 4, 'BH-02'),
(3977, 'Al Hadd Al add', 68, 4, 'BH-01'),
(3978, 'Brestskaja', 69, 4, 'BY-BR'),
(3979, 'Gorod Minsk', 69, 4, 'BY-HM'),
(3980, 'Vitebskaja', 69, 4, 'BY-VI'),
(3981, 'Minskaja', 69, 4, 'BY-MI'),
(3982, 'Mogilevskaja', 69, 4, 'BY-MA'),
(3983, 'Grodnenskaja', 69, 4, 'BY-HR'),
(3984, 'Gomel\'skaja', 69, 4, 'BY-HO'),
(3985, 'Namur', 70, 4, 'BE-W1'),
(3986, 'Luxembourg', 70, 4, 'BE-WLX'),
(3987, 'Liege  Liège', 70, 4, 'BE-WLG'),
(3988, 'Hainaut', 70, 4, 'BE-WHT'),
(3989, 'Brabant Wallon', 70, 4, 'BE-WBR'),
(3990, 'West-Vlaanderen', 70, 4, 'BE-VWV'),
(3991, 'Oost-Vlaanderen', 70, 4, 'BE-VOV'),
(3992, 'Limburg', 70, 4, 'BE-VLI'),
(3993, 'Vlaams Brabant', 70, 4, 'BE-VBR'),
(3994, 'Antwerpen', 70, 4, 'BE-VAN'),
(3995, 'Southern', 71, 4, 'BW-SO'),
(3996, 'South-East', 71, 4, 'BW-SE'),
(3997, 'North-West', 71, 4, 'BW-NW'),
(3998, 'North-East', 71, 4, 'BW-NE'),
(3999, 'Kweneng', 71, 4, 'BW-KW'),
(4000, 'Kgatleng', 71, 4, 'BW-KL'),
(4001, 'Kgalagadi', 71, 4, 'BW-KG'),
(4002, 'Ghanzi', 71, 4, 'BW-GH'),
(4003, 'Central', 71, 4, 'BW-CE'),
(4004, 'Yambol', 72, 4, 'BG-YA'),
(4005, 'Veliko Tarnovo', 72, 4, 'BG-VT'),
(4006, 'Vratsa', 72, 4, 'BG-VR'),
(4007, 'Vidin', 72, 4, 'BG-VI'),
(4008, 'Varna', 72, 4, 'BG-VA'),
(4009, 'argovishte', 72, 4, 'BG-TA'),
(4010, 'Stara Zagora', 72, 4, 'BG-SZ'),
(4011, 'Sofia Province', 72, 4, 'BG-SP'),
(4012, 'Smolyan', 72, 4, 'BG-SM'),
(4013, 'Sliven', 72, 4, 'BG-SL'),
(4014, 'Silistra', 72, 4, 'BG-SI'),
(4015, 'Shumen', 72, 4, 'BG-SH'),
(4016, 'Sofia City', 72, 4, 'BG-SC'),
(4017, 'Rousse', 72, 4, 'BG-RO'),
(4018, 'Razgrad', 72, 4, 'BG-RA'),
(4019, 'Plovdiv', 72, 4, 'BG-PO'),
(4020, 'Pleven', 72, 4, 'BG-PL'),
(4021, 'Pernik', 72, 4, 'BG-PE'),
(4022, 'Pazardzhik', 72, 4, 'BG-PA'),
(4023, 'Montana', 72, 4, 'BG-MO'),
(4024, 'Lovech', 72, 4, 'BG-LO'),
(4025, 'Kyustendil', 72, 4, 'BG-KY'),
(4026, 'Kardzhali', 72, 4, 'BG-KA'),
(4027, 'Haskovo', 72, 4, 'BG-HA'),
(4028, 'Gabrovo', 72, 4, 'BG-GA'),
(4029, 'Dobrich', 72, 4, 'BG-DO'),
(4030, 'Burgas', 72, 4, 'BG-BU'),
(4031, 'Blagoevgrad', 72, 4, 'BG-BL'),
(4032, 'Ruyigi', 73, 4, 'BI-RY'),
(4033, 'Rutana', 73, 4, 'BI-RT'),
(4034, 'Ngozi', 73, 4, 'BI-NG'),
(4035, 'Muyinga', 73, 4, 'BI-45'),
(4036, 'Mwaro', 73, 4, 'BI-MW'),
(4037, 'Muramvya', 73, 4, 'BI-MU'),
(4038, 'Makamba', 73, 4, 'BI-MA'),
(4039, 'Kayanza', 73, 4, 'BI-KY'),
(4040, 'Karuzi', 73, 4, 'BI-57'),
(4041, 'Kirundo', 73, 4, 'BI-43'),
(4042, 'Gitega', 73, 4, 'BI-GI'),
(4043, 'Cibitoke', 73, 4, 'BI-CI'),
(4044, 'Cankuzo', 73, 4, 'BI-CA'),
(4045, 'Bururi', 73, 4, 'BI-BR'),
(4046, 'Bujumbura', 73, 4, 'BI-BJ'),
(4047, 'Bubanza', 73, 4, 'BI-BB'),
(4048, 'Mohéli', 74, 4, 'KM-M'),
(4049, 'Grande Comore', 74, 4, 'KM-G'),
(4050, 'Anjouan', 74, 4, 'KM-A'),
(4051, 'City of Zagreb', 75, 4, 'HR-21'),
(4052, 'Me?imurje', 75, 4, 'HR-20'),
(4053, 'Dubrovnik-Neretva', 75, 4, 'HR-19'),
(4054, 'Istria', 75, 4, 'HR-18'),
(4055, 'Split-Dalmatia', 75, 4, 'HR-17'),
(4056, 'Vukovar-Srijem', 75, 4, 'HR-16'),
(4057, 'Šibenik-Knin', 75, 4, 'HR-15'),
(4058, 'Osijek-Baranja', 75, 4, 'HR-14'),
(4059, 'Zadar', 75, 4, 'HR-13'),
(4060, 'Brod-Posavina', 75, 4, 'HR-12'),
(4061, 'Požega-Slavonia', 75, 4, 'HR-11'),
(4062, 'Virovitica-Podravina', 75, 4, 'HR-10'),
(4063, 'Lika-Senj', 75, 4, 'HR-09'),
(4064, 'Primorje-Gorski Kotar', 75, 4, 'HR-08'),
(4065, 'Bjelovar-Bilogora', 75, 4, 'HR-07'),
(4066, 'Koprivnica-Križevci', 75, 4, 'HR-06'),
(4067, 'Varaždin', 75, 4, 'HR-05'),
(4068, 'Karlovac', 75, 4, 'HR-04'),
(4069, 'Sisak-Moslavina', 75, 4, 'HR-03'),
(4070, 'Krapina-Zagorje', 75, 4, 'HR-02'),
(4071, 'Zagreb', 75, 4, 'HR-01'),
(4072, 'Keryneia (Girne)', 76, 4, 'CY-06'),
(4073, 'Pafos (Baf)', 76, 4, 'CY-05'),
(4074, 'Ammochostos (Magusa)', 76, 4, 'CY-04'),
(4075, 'Larnaka (Larnaka)', 76, 4, 'CY-03'),
(4076, 'Lemesos (Leymosun)', 76, 4, 'CY-02'),
(4077, 'Lefkosia (Lefkosa)', 76, 4, 'CY-01'),
(4078, 'Zlín', 77, 4, 'CZ-ZL'),
(4079, 'Vyso?ina', 77, 4, 'CZ-VY'),
(4080, 'Ústí nad Labem', 77, 4, 'CZ-US'),
(4081, 'Central Bohemian', 77, 4, 'CZ-ST'),
(4082, 'Plze?', 77, 4, 'CZ-PL'),
(4083, 'Pardubice', 77, 4, 'CZ-PA'),
(4084, 'Olomouc', 77, 4, 'CZ-OL'),
(4085, 'Moravian-Silesian', 77, 4, 'CZ-MO'),
(4086, 'Liberec', 77, 4, 'CZ-LI'),
(4087, 'Hradec Králové', 77, 4, 'CZ-57'),
(4088, 'Karlovy Vary', 77, 4, 'CZ-KA'),
(4089, 'South Moravian', 77, 4, 'CZ-JM'),
(4090, 'South Bohemian', 77, 4, 'CZ-JC'),
(4091, 'jælland (Zealand)', 78, 4, 'DK-8'),
(4092, 'Hovedstaden (Capital)', 78, 4, 'DK-84'),
(4093, 'Syddanmark (South Denmark)', 78, 4, 'DK-83'),
(4094, 'Midtjylland (Central Jutland)', 78, 4, 'DK-82'),
(4095, 'Nordjylland (North Jutland)', 78, 4, 'DK-81'),
(4096, 'Tadjourah region', 79, 4, 'DJ-TA'),
(4097, 'Obock region', 79, 4, 'DJ-OB'),
(4098, 'Djibouti City', 79, 4, 'DJ-DJ'),
(4099, 'Dikhil region', 79, 4, 'DJ-DI'),
(4100, 'Ali Sabieh region', 79, 4, 'DJ-AS'),
(4101, 'Arta region', 79, 4, 'DJ-AR'),
(4102, 'Al Wadi al Jadid', 80, 4, 'EG-WAD'),
(4103, 'As Suways', 80, 4, 'EG-SUZ'),
(4104, 'Shamal Sina', 80, 4, 'EG-S40'),
(4105, 'Ash Sharqiyah', 80, 4, 'EG-SHR'),
(4106, 'Suhaj', 80, 4, 'EG-SHG'),
(4107, 'Bur Said', 80, 4, 'EG-PTS'),
(4108, 'Matru', 80, 4, 'EG-MT'),
(4109, 'Al Minufiyah', 80, 4, 'EG-MNF'),
(4110, 'Al Minya', 80, 4, 'EG-MN'),
(4111, 'Qina', 80, 4, 'EG-KN'),
(4112, 'Kafr ash Shaykh', 80, 4, 'EG-KFS'),
(4113, 'Al Qalyubiyah', 80, 4, 'EG-KB'),
(4114, 'Janub Sina', 80, 4, 'EG-JS'),
(4115, 'Al Ismailiyah', 80, 4, 'EG-IS'),
(4116, 'Al Jizah', 80, 4, 'EG-GZ'),
(4117, 'Al Gharbiyah', 80, 4, 'EG-GH'),
(4118, 'Al Fayyum', 80, 4, 'EG-FYM'),
(4119, 'Dumyat', 80, 4, 'EG-DT'),
(4120, 'Ad Daqahliyah', 80, 4, 'EG-DK'),
(4121, 'Al Qahirah', 80, 4, 'EG-C'),
(4122, 'Bani Suwayf', 80, 4, 'EG-BNS'),
(4123, 'Al Buayrah', 80, 4, 'EG-BH'),
(4124, 'Al Bar al Amar', 80, 4, 'EG-BA'),
(4125, 'Asyut', 80, 4, 'EG-AST'),
(4126, 'Aswan', 80, 4, 'EG-ASN'),
(4127, 'Al Iskandariyah', 80, 4, 'EG-ALX'),
(4128, 'Seraye (Särayé)', 81, 4, 'ER-SR'),
(4129, 'Senhit (Sänhet)', 81, 4, 'ER-SN'),
(4130, 'Semhar (Sämhar)', 81, 4, 'ER-SM'),
(4131, 'Semenawi Keyih Bahri (Semien-Keih-Bahri)', 81, 4, 'ER-SK'),
(4132, 'Sahel', 81, 4, 'ER-SA'),
(4133, 'Maakel (Maekel)', 81, 4, 'ER-MA'),
(4134, 'Hamasien (Hamasén)', 81, 4, 'ER-HA'),
(4135, 'Gash-Setit', 81, 4, 'ER-GS'),
(4136, 'Gash-Barka', 81, 4, 'ER-GB'),
(4137, 'Debub', 81, 4, 'ER-DU'),
(4138, 'Debubawi Keyih Bahri (Debub-Keih-Bahri)', 81, 4, 'ER-DK'),
(4139, 'Denkalia (Dänkali)', 81, 4, 'ER-DE'),
(4140, 'Barka', 81, 4, 'ER-BA'),
(4141, 'Asmara (Asmära)', 81, 4, 'ER-AS'),
(4142, 'Anseba', 81, 4, 'ER-AN'),
(4143, 'Akele Guzai (Akalä Guzay)', 81, 4, 'ER-AG'),
(4144, 'Vorumaa', 82, 4, 'EE-86'),
(4145, 'Viljandimaa', 82, 4, 'EE-84'),
(4146, 'Valgamaa', 82, 4, 'EE-82'),
(4147, 'artumaa', 82, 4, 'EE-78'),
(4148, 'Saaremaa', 82, 4, 'EE-74'),
(4149, 'Raplamaa', 82, 4, 'EE-70'),
(4150, 'Parnumaa', 82, 4, 'EE-67'),
(4151, 'Polvamaa', 82, 4, 'EE-65'),
(4152, 'Laane-Virumaa', 82, 4, 'EE-59'),
(4153, 'Laanemaa', 82, 4, 'EE-57'),
(4154, 'Jarvamaa', 82, 4, 'EE-51'),
(4155, 'Jogevamaa', 82, 4, 'EE-49'),
(4156, 'Ida-Virumaa', 82, 4, 'EE-44'),
(4157, 'Hiiumaa', 82, 4, 'EE-39'),
(4158, 'Harjumaa', 82, 4, 'EE-37'),
(4159, 'Oulu', 83, 4, 'FI-OL'),
(4160, 'Western Finland', 83, 4, 'FI-LS'),
(4161, 'Lapland', 83, 4, 'FI-LL'),
(4162, 'Eastern Finland', 83, 4, 'FI-IS'),
(4163, 'Southern Finland', 83, 4, 'FI-ES'),
(4164, 'Åland Islands', 83, 4, 'FI-AL'),
(4165, 'Orne', 84, 4, 'FR-61'),
(4166, 'Oise', 84, 4, 'FR-60'),
(4167, 'Nord', 84, 4, 'FR-59'),
(4168, 'Nièvre', 84, 4, 'FR-58'),
(4169, 'Moselle', 84, 4, 'FR-57'),
(4170, 'Morbihan', 84, 4, 'FR-56'),
(4171, 'Meuse', 84, 4, 'FR-55'),
(4172, 'Meurthe-et-Moselle', 84, 4, 'FR-54'),
(4173, 'Mayenne', 84, 4, 'FR-53'),
(4174, 'Haute-Marne', 84, 4, 'FR-52'),
(4175, 'Marne', 84, 4, 'FR-51'),
(4176, 'Manche', 84, 4, 'FR-50'),
(4177, 'Maine-et-Loire', 84, 4, 'FR-49'),
(4178, 'Lozère', 84, 4, 'FR-48'),
(4179, 'Lot-et-Garonne', 84, 4, 'FR-47'),
(4180, 'Lot', 84, 4, 'FR-46'),
(4181, 'Loiret', 84, 4, 'FR-45'),
(4182, 'Loire-Atlantique', 84, 4, 'FR-44'),
(4183, 'Haute-Loire', 84, 4, 'FR-43'),
(4184, 'Loire', 84, 4, 'FR-42'),
(4185, 'Loir-et-Cher', 84, 4, 'FR-41'),
(4186, 'Landes', 84, 4, 'FR-40'),
(4187, 'Jura', 84, 4, 'FR-39'),
(4188, 'Isère', 84, 4, 'FR-38'),
(4189, 'Indre-et-Loire', 84, 4, 'FR-37'),
(4190, 'Indre', 84, 4, 'FR-36'),
(4191, 'Ille-et-Vilaine', 84, 4, 'FR-35'),
(4192, 'Hérault', 84, 4, 'FR-34'),
(4193, 'Gironde', 84, 4, 'FR-33'),
(4194, 'Gers', 84, 4, 'FR-32'),
(4195, 'Haute-Garonne', 84, 4, 'FR-31'),
(4196, 'Gard', 84, 4, 'FR-30'),
(4197, 'Haute-Corse', 84, 4, 'FR-2B'),
(4198, 'Corse-du-Sud', 84, 4, 'FR-2A'),
(4199, 'Finistère', 84, 4, 'FR-29'),
(4200, 'Eure-et-Loir', 84, 4, 'FR-28'),
(4201, 'Eure', 84, 4, 'FR-27'),
(4202, 'Drôme', 84, 4, 'FR-26'),
(4203, 'Doubs', 84, 4, 'FR-25'),
(4204, 'Dordogne', 84, 4, 'FR-24'),
(4205, 'Creuse', 84, 4, 'FR-23'),
(4206, 'Côtes-d\'Armor', 84, 4, 'FR-22'),
(4207, 'Côte-doer', 84, 4, 'FR-21'),
(4208, 'Corrèze', 84, 4, 'FR-19'),
(4209, 'Cher', 84, 4, 'FR-18'),
(4210, 'Charente-Maritime', 84, 4, 'FR-17'),
(4211, 'Charente', 84, 4, 'FR-16'),
(4212, 'Cantal', 84, 4, 'FR-15'),
(4213, 'Calvados', 84, 4, 'FR-14'),
(4214, 'Bouches-du-Rhône', 84, 4, 'FR-13'),
(4215, 'Aveyron', 84, 4, 'FR-12'),
(4216, 'Aude', 84, 4, 'FR-11'),
(4217, 'Aube', 84, 4, 'FR-10'),
(4218, 'Ariège', 84, 4, 'FR-09'),
(4219, 'Ardennes', 84, 4, 'FR-08'),
(4220, 'Ardèche', 84, 4, 'FR-07'),
(4221, 'Alpes-Maritimes', 84, 4, 'FR-06'),
(4222, 'Hautes-Alpes', 84, 4, 'FR-05'),
(4223, 'Alpes-de-Haute-Provence', 84, 4, 'FR-04'),
(4224, 'Allier', 84, 4, 'FR-03'),
(4225, 'Aisne', 84, 4, 'FR-02'),
(4226, 'Ain', 84, 4, 'FR-01'),
(4227, 'Mayotte', 84, 4, 'FR-YT'),
(4228, 'Wallis and Futuna', 84, 4, 'FR-WF'),
(4229, 'French Southern Territories', 84, 4, 'FR-TF'),
(4230, 'Saint-Pierre and Miquelon', 84, 4, 'FR-PM'),
(4231, 'French Polynesia', 84, 4, 'FR-PF'),
(4232, 'New Caledonia', 84, 4, 'FR-NC'),
(4233, 'Saint Martin (French part)', 84, 4, 'FR-MF'),
(4234, 'Clipperton Island', 84, 4, 'FR-CP'),
(4235, 'Saint Barthélemy', 84, 4, 'FR-BL'),
(4236, 'Val-d60ise', 84, 4, 'FR-95'),
(4237, 'Val-de-Marne', 84, 4, 'FR-94'),
(4238, 'Seine-Saint-Denis', 84, 4, 'FR-93'),
(4239, 'Hauts-de-Seine', 84, 4, 'FR-92'),
(4240, 'Essonne', 84, 4, 'FR-91'),
(4241, 'Territoire de Belfort', 84, 4, 'FR-90'),
(4242, 'Yonne', 84, 4, 'FR-89'),
(4243, 'Vosges', 84, 4, 'FR-88'),
(4244, 'Haute-Vienne', 84, 4, 'FR-87'),
(4245, 'Vienne', 84, 4, 'FR-86'),
(4246, 'Vendée', 84, 4, 'FR-85'),
(4247, 'Vaucluse', 84, 4, 'FR-84'),
(4248, 'Var', 84, 4, 'FR-83'),
(4249, 'Tarn-et-Garonne', 84, 4, 'FR-82'),
(4250, 'Tarn', 84, 4, 'FR-81'),
(4251, 'Somme', 84, 4, 'FR-80'),
(4252, 'Deux-Sèvres', 84, 4, 'FR-79'),
(4253, 'Yvelines', 84, 4, 'FR-78'),
(4254, 'Seine-et-Marne', 84, 4, 'FR-77'),
(4255, 'Seine-Maritime', 84, 4, 'FR-76'),
(4256, 'Paris', 84, 4, 'FR-75'),
(4257, 'Haute-Savoie', 84, 4, 'FR-74'),
(4258, 'Savoie', 84, 4, 'FR-73'),
(4259, 'Sarthe', 84, 4, 'FR-72'),
(4260, 'Saône-et-Loire', 84, 4, 'FR-71'),
(4261, 'Haute-Saône', 84, 4, 'FR-70'),
(4262, 'Rhône', 84, 4, 'FR-69'),
(4263, 'Haut-Rhin', 84, 4, 'FR-68'),
(4264, 'Bas-Rhin', 84, 4, 'FR-67'),
(4265, 'Pyrénées-Orientales', 84, 4, 'FR-66'),
(4266, 'Hautes-Pyrénées', 84, 4, 'FR-65'),
(4267, 'Pyrénées-Atlantiques', 84, 4, 'FR-64'),
(4268, 'Puy-de-Dôme', 84, 4, 'FR-63'),
(4269, 'Pas-de-Calais', 84, 4, 'FR-62'),
(4270, 'Abkhazia', 85, 4, 'GE-AB'),
(4271, 'Shida K\'art\'li', 85, 4, 'GE-SK'),
(4272, 'Samts\'khe-Javakhet\'i', 85, 4, 'GE-SJ'),
(4273, 'Samegrelo-Zemo Svanet\'i', 85, 4, 'GE-SZ'),
(4274, 'Racha-Lech\'khumi-K\'vemo Svanet\'i', 85, 4, 'GE-RL'),
(4275, 'Mts\'khet\'a-Mt\'ianet\'i', 85, 4, 'GE-MM'),
(4276, 'Kvemo K\'art\'li', 85, 4, 'GE-KK'),
(4277, 'Kakhet\'i', 85, 4, 'GE-KA'),
(4278, 'Imeret\'i', 85, 4, 'GE-IM'),
(4279, 'Guria', 85, 4, 'GE-GU'),
(4280, 'Tbilisi', 85, 4, 'GE-TB'),
(4281, 'Ajaria', 85, 4, 'GE-AJ'),
(4282, 'huringia', 86, 4, 'DE-59'),
(4283, 'Saxony-Anhalt', 86, 4, 'DE-ST'),
(4284, 'Saxony', 86, 4, 'DE-SN'),
(4285, 'Saarland', 86, 4, 'DE-SL'),
(4286, 'Schleswig-Holstein', 86, 4, 'DE-SH'),
(4287, 'Rhineland-Palatinate', 86, 4, 'DE-RP'),
(4288, 'North Rhine-Westphalia', 86, 4, 'DE-NW'),
(4289, 'Lower Saxony', 86, 4, 'DE-NI'),
(4290, 'Mecklenburg-Vorpommern', 86, 4, 'DE-MV'),
(4291, 'Hamburg', 86, 4, 'DE-HH'),
(4292, 'Hesse', 86, 4, 'DE-HE'),
(4293, 'Bremen', 86, 4, 'DE-HB'),
(4294, 'Bavaria', 86, 4, 'DE-BY'),
(4295, 'Baden-Württemberg', 86, 4, 'DE-BW'),
(4296, 'Brandenburg', 86, 4, 'DE-BR'),
(4297, 'Berlin', 86, 4, 'DE-BE'),
(4298, 'Ashanti', 87, 4, 'GH-AH'),
(4299, 'Brong-Ahafo', 87, 4, 'GH-BA'),
(4300, 'Central', 87, 4, 'GH-CP'),
(4301, 'Eastern', 87, 4, 'GH-EP'),
(4302, 'Greater Accra', 87, 4, 'GH-AA'),
(4303, 'Northern', 87, 4, 'GH-NP'),
(4304, 'Upper East', 87, 4, 'GH-UE'),
(4305, 'Upper West', 87, 4, 'GH-UW'),
(4306, 'Volta', 87, 4, 'GH-TV'),
(4307, 'Western', 87, 4, 'GH-WP'),
(4308, 'Attica', 88, 4, 'GR-A1'),
(4309, 'Chania', 88, 4, 'GR-94'),
(4310, 'Rethymno', 88, 4, 'GR-93'),
(4311, 'Lasithi', 88, 4, 'GR-92'),
(4312, 'Heraklion', 88, 4, 'GR-91'),
(4313, 'Chios', 88, 4, 'GR-85'),
(4314, 'Samos', 88, 4, 'GR-84'),
(4315, 'Lesbos', 88, 4, 'GR-83'),
(4316, 'Cyclades', 88, 4, 'GR-82'),
(4317, 'Dodecanese', 88, 4, 'GR-81'),
(4318, 'Rhodope', 88, 4, 'GR-73'),
(4319, 'Xanthi', 88, 4, 'GR-72'),
(4320, 'Evros', 88, 4, 'GR-71'),
(4321, 'Mount Athos', 88, 4, 'GR-69'),
(4322, 'Chalcidice', 88, 4, 'GR-64'),
(4323, 'Florina', 88, 4, 'GR-63'),
(4324, 'Serres', 88, 4, 'GR-62'),
(4325, 'Pieria', 88, 4, 'GR-61'),
(4326, 'Pella', 88, 4, 'GR-59'),
(4327, 'Kozani', 88, 4, 'GR-58'),
(4328, 'Kilkis', 88, 4, 'GR-57'),
(4329, 'Kastoria', 88, 4, 'GR-56'),
(4330, 'Kavala', 88, 4, 'GR-55'),
(4331, 'Thessaloniki', 88, 4, 'GR-54'),
(4332, 'Imathia', 88, 4, 'GR-53'),
(4333, 'Drama', 88, 4, 'GR-52'),
(4334, 'Grevena', 88, 4, 'GR-51'),
(4335, 'Trikala', 88, 4, 'GR-44'),
(4336, 'Magnesia', 88, 4, 'GR-43'),
(4337, 'Larissa', 88, 4, 'GR-42'),
(4338, 'Karditsa', 88, 4, 'GR-41'),
(4339, 'Preveza', 88, 4, 'GR-34'),
(4340, 'Ioannina', 88, 4, 'GR-33'),
(4341, 'Thesprotia', 88, 4, 'GR-32'),
(4342, 'Arta', 88, 4, 'GR-31'),
(4343, 'Lefkada', 88, 4, 'GR-24'),
(4344, 'Kefallinia', 88, 4, 'GR-23'),
(4345, 'Corfu', 88, 4, 'GR-22'),
(4346, 'Zakynthos', 88, 4, 'GR-21'),
(4347, 'Messinia', 88, 4, 'GR-17'),
(4348, 'Laconia', 88, 4, 'GR-16'),
(4349, 'Corinthia', 88, 4, 'GR-15'),
(4350, 'Ilia', 88, 4, 'GR-14'),
(4351, 'Achaea', 88, 4, 'GR-13'),
(4352, 'Arcadia', 88, 4, 'GR-12'),
(4353, 'Argolis', 88, 4, 'GR-11'),
(4354, 'Phocis', 88, 4, 'GR-07'),
(4355, 'Phthiotis', 88, 4, 'GR-06'),
(4356, 'Evrytania', 88, 4, 'GR-05'),
(4357, 'Euboea', 88, 4, 'GR-04'),
(4358, 'Boeotia', 88, 4, 'GR-03'),
(4359, 'Aetolia-Acarnania', 88, 4, 'GR-01'),
(4360, 'Pest', 89, 4, 'HU-PE'),
(4361, 'Nyíregyháza', 89, 4, 'HU-NY'),
(4362, 'Nógrád', 89, 4, 'HU-NO'),
(4363, 'Nagykanizsa', 89, 4, 'HU-NK'),
(4364, 'Miskolc', 89, 4, 'HU-MI'),
(4365, 'Kaposvár', 89, 4, 'HU-KV'),
(4366, 'Kecskemét', 89, 4, 'HU-KM'),
(4367, 'Komárom-Esztergom', 89, 4, 'HU-KE'),
(4368, 'Jász-Nagykun-Szolnok', 89, 4, 'HU-JN'),
(4369, 'Hódmezovásárhely', 89, 4, 'HU-HV'),
(4370, 'Heves', 89, 4, 'HU-HE'),
(4371, 'Hajdú-Bihar', 89, 4, 'HU-HB'),
(4372, 'Gyor', 89, 4, 'HU-GY'),
(4373, 'Gyor-Moson-Sopron', 89, 4, 'HU-GS'),
(4374, 'Fejér', 89, 4, 'HU-FE'),
(4375, 'Eger', 89, 4, 'HU-EG'),
(4376, 'Dunaújváros', 89, 4, 'HU-DU'),
(4377, 'Debrecen', 89, 4, 'HU-DE'),
(4378, 'Csongrád', 89, 4, 'HU-CS'),
(4379, 'Borsod-Abaúj-Zemplén', 89, 4, 'HU-BZ'),
(4380, 'Budapest', 89, 4, 'HU-BU'),
(4381, 'Bács-Kiskun', 89, 4, 'HU-BK'),
(4382, 'Békés', 89, 4, 'HU-BE'),
(4383, 'Békéscsaba', 89, 4, 'HU-BC'),
(4384, 'Baranya', 89, 4, 'HU-BA'),
(4385, 'Zalaegerszeg', 89, 4, 'HU-ZE'),
(4386, 'Zala', 89, 4, 'HU-ZA'),
(4387, 'Veszprém', 89, 4, 'HU-VM'),
(4388, 'Veszprém', 89, 4, 'HU-VE'),
(4389, 'Vas', 89, 4, 'HU-VA'),
(4390, 'Tolna', 89, 4, 'HU-TO'),
(4391, 'Tatabánya', 89, 4, 'HU-TB'),
(4392, 'TSzabolcs-Szatmár-Bereg', 89, 4, 'HU-SZ'),
(4393, 'Salgótarján', 89, 4, 'HU-ST'),
(4394, 'Szekszárd', 89, 4, 'HU-SS'),
(4395, 'Somogy', 89, 4, 'HU-SO'),
(4396, 'Sopron', 89, 4, 'HU-SN'),
(4397, 'Szolnok', 89, 4, 'HU-SK'),
(4398, 'Szombathely', 89, 4, 'HU-SH'),
(4399, 'Székesfehérvár', 89, 4, 'HU-SF'),
(4400, 'Szeged', 89, 4, 'HU-SD'),
(4401, 'Pécs', 89, 4, 'HU-PS'),
(4402, 'Kurdistan', 90, 4, 'IR-16'),
(4403, 'Kerman', 90, 4, 'IR-15'),
(4404, 'Fars', 90, 4, 'IR-14'),
(4405, 'Sistan and Baluchistan', 90, 4, 'IR-13'),
(4406, 'Semnan', 90, 4, 'IR-12'),
(4407, 'Zanjan', 90, 4, 'IR-11'),
(4408, 'Khuzestan', 90, 4, 'IR-10'),
(4409, 'Chahar Mahaal and Bakhtiari', 90, 4, 'IR-08'),
(4410, 'Tehran', 90, 4, 'IR-07'),
(4411, 'Bushehr', 90, 4, 'IR-06'),
(4412, 'Ilam', 90, 4, 'IR-05'),
(4413, 'Esfahan', 90, 4, 'IR-04'),
(4414, 'Ardabil', 90, 4, 'IR-03'),
(4415, 'West Azerbaijan', 90, 4, 'IR-02'),
(4416, 'East Azerbaijan', 90, 4, 'IR-01'),
(4417, 'North Khorasan', 90, 4, 'IR-31'),
(4418, 'Razavi Khorasan', 90, 4, 'IR-30'),
(4419, 'South Khorasan', 90, 4, 'IR-29'),
(4420, 'Qazvin', 90, 4, 'IR-28'),
(4421, 'Golestan', 90, 4, 'IR-27'),
(4422, 'Qom', 90, 4, 'IR-26'),
(4423, 'Yazd', 90, 4, 'IR-25'),
(4424, 'Hamadan', 90, 4, 'IR-24'),
(4425, 'Hormozgan', 90, 4, 'IR-23'),
(4426, 'Markazi', 90, 4, 'IR-22'),
(4427, 'Mazandaran', 90, 4, 'IR-21'),
(4428, 'Lorestan', 90, 4, 'IR-20'),
(4429, 'Gilan', 90, 4, 'IR-19'),
(4430, 'Kohkiluyeh and Buyer Ahmad', 90, 4, 'IR-18'),
(4431, 'Kermanshah', 90, 4, 'IR-17'),
(4432, 'Wasit', 91, 4, 'IQ-WA'),
(4433, 'Kirkuk (or At-Ta\'mim)', 91, 4, 'IQ-TS'),
(4434, 'As-Sulaymaniyyah', 91, 4, 'IQ-SW'),
(4435, 'Salah ad-Din', 91, 4, 'IQ-SD'),
(4436, 'Al-Qadisiyyah', 91, 4, 'IQ-QA'),
(4437, 'Ninawa', 91, 4, 'IQ-NI'),
(4438, 'An-Najaf', 91, 4, 'IQ-NA'),
(4439, 'Al-Muthanna', 91, 4, 'IQ-MU'),
(4440, 'Maysan', 91, 4, 'IQ-MA'),
(4441, 'Al-Karbala', 91, 4, 'IQ-KA'),
(4442, 'Dhi Qar', 91, 4, 'IQ-DQ'),
(4443, 'Diyala', 91, 4, 'IQ-DI'),
(4444, 'Dahuk', 91, 4, 'IQ-DA'),
(4445, 'Baghdad', 91, 4, 'IQ-BG'),
(4446, 'Babil', 91, 4, 'IQ-BB'),
(4447, 'Al-Basrah', 91, 4, 'IQ-BA'),
(4448, 'Arbil', 91, 4, 'IQ-AR'),
(4449, 'Al-Anbar', 91, 4, 'IQ-AN'),
(4450, 'Wexford', 92, 4, 'IE-WX'),
(4451, 'Wicklow', 92, 4, 'IE-WW'),
(4452, 'Westmeath', 92, 4, 'IE-WH'),
(4453, 'Waterford', 92, 4, 'IE-WD'),
(4454, 'Tipperary', 92, 4, 'IE-TA'),
(4455, 'Sligo', 92, 4, 'IE-SO'),
(4456, 'Roscommon', 92, 4, 'IE-RN'),
(4457, 'Offaly', 92, 4, 'IE-OY'),
(4458, 'Mayo', 92, 4, 'IE-MO'),
(4459, 'Monaghan', 92, 4, 'IE-MN'),
(4460, 'Meath', 92, 4, 'IE-46'),
(4461, 'Laois', 92, 4, 'IE-LS'),
(4462, 'Leitrim', 92, 4, 'IE-LM'),
(4463, 'Limerick', 92, 4, 'IE-58'),
(4464, 'Louth', 92, 4, 'IE-LH'),
(4465, 'Longford', 92, 4, 'IE-LD'),
(4466, 'Kerry', 92, 4, 'IE-KY'),
(4467, 'Kilkenny', 92, 4, 'IE-KK'),
(4468, 'Kildare', 92, 4, 'IE-KE'),
(4469, 'Galway', 92, 4, 'IE-G'),
(4470, 'Donegal', 92, 4, 'IE-DL'),
(4471, 'Dublin', 92, 4, 'IE-D'),
(4472, 'Carlow', 92, 4, 'IE-CW');
INSERT INTO `ptbtstprov` (`id`, `PTBTStProvName`, `PTBTCountryId`, `PTBTRegionId`, `PTBTStProvCode`) VALUES
(4473, 'Cavan', 92, 4, 'IE-36'),
(4474, 'Clare', 92, 4, 'IE-CE'),
(4475, 'Cork', 92, 4, 'IE-C'),
(4476, 'North District', 93, 4, 'IL-Z'),
(4477, 'Tel Aviv District', 93, 4, 'IL-TA'),
(4478, 'Center District', 93, 4, 'IL-M'),
(4479, 'Jerusalem District', 93, 4, 'IL-JM'),
(4480, 'Haifa District', 93, 4, 'IL-HA'),
(4481, 'South District', 93, 4, 'IL-D'),
(4482, 'Pisa', 94, 4, 'IT-PI'),
(4483, 'Perugia', 94, 4, 'IT-51'),
(4484, 'Pescara', 94, 4, 'IT-PE'),
(4485, 'Padova (Padua)', 94, 4, 'IT-PD'),
(4486, 'Piacenza', 94, 4, 'IT-PC'),
(4487, 'Palermo', 94, 4, 'IT-PA'),
(4488, 'Oristano', 94, 4, 'IT-OR'),
(4489, 'Olbia-Tempio', 94, 4, 'IT-OL'),
(4490, 'Ogliastra', 94, 4, 'IT-OG'),
(4491, 'Nuoro', 94, 4, 'IT-NU'),
(4492, 'Novara', 94, 4, 'IT-NO'),
(4493, 'Napoli (Naples)', 94, 4, 'IT-1'),
(4494, 'Monza', 94, 4, 'IT-MZ'),
(4495, 'Matera', 94, 4, 'IT-MT'),
(4496, 'Massa-Carrara', 94, 4, 'IT-MS'),
(4497, 'Modena', 94, 4, 'IT-MO'),
(4498, 'Mantova (Mantua)', 94, 4, 'IT-MN'),
(4499, 'Milano (Milan)', 94, 4, 'IT-MI'),
(4500, 'Messina', 94, 4, 'IT-ME'),
(4501, 'Macerata', 94, 4, 'IT-MC'),
(4502, 'Medio Campidano', 94, 4, 'IT-MA'),
(4503, 'Lucca', 94, 4, 'IT-LU'),
(4504, 'Latina', 94, 4, 'IT-LT'),
(4505, 'Lodi', 94, 4, 'IT-LO'),
(4506, 'Livorno (Leghorn)', 94, 4, 'IT-LI'),
(4507, 'Lecce', 94, 4, 'IT-LE'),
(4508, 'Lecco', 94, 4, 'IT-LC'),
(4509, 'Crotone', 94, 4, 'IT-57'),
(4510, 'Isernia', 94, 4, 'IT-IS'),
(4511, 'Imperia', 94, 4, 'IT-IM'),
(4512, 'Grosseto', 94, 4, 'IT-GR'),
(4513, 'Gorizia', 94, 4, 'IT-GO'),
(4514, 'Genova (Genoa)', 94, 4, 'IT-GE'),
(4515, 'Frosinone', 94, 4, 'IT-FR'),
(4516, 'Forlì-Cesena', 94, 4, 'IT-FO'),
(4517, 'Fermo', 94, 4, 'IT-38'),
(4518, 'Firenze (Florence)', 94, 4, 'IT-FI'),
(4519, 'Foggia', 94, 4, 'IT-FG'),
(4520, 'Ferrara', 94, 4, 'IT-FE'),
(4521, 'Enna', 94, 4, 'IT-EN'),
(4522, 'Catanzaro', 94, 4, 'IT-CZ'),
(4523, 'Catania', 94, 4, 'IT-CT'),
(4524, 'Cosenza', 94, 4, 'IT-CS'),
(4525, 'Cremona', 94, 4, 'IT-CR'),
(4526, 'Como', 94, 4, 'IT-CO'),
(4527, 'Cuneo', 94, 4, 'IT-36'),
(4528, 'Caltanissetta', 94, 4, 'IT-CL'),
(4529, 'Carbonia-Iglesias', 94, 4, 'IT-CI'),
(4530, 'Chieti', 94, 4, 'IT-CH'),
(4531, 'Caserta', 94, 4, 'IT-CE'),
(4532, 'Campobasso', 94, 4, 'IT-CB'),
(4533, 'Cagliari', 94, 4, 'IT-CA'),
(4534, 'Bolzano-Bozen', 94, 4, 'IT-BZ'),
(4535, 'Barletta-Andria-Trani', 94, 4, 'IT-BT'),
(4536, 'Brescia', 94, 4, 'IT-BS'),
(4537, 'Brindisi', 94, 4, 'IT-BR'),
(4538, 'Bologna', 94, 4, 'IT-BO'),
(4539, 'Benevento', 94, 4, 'IT-BN'),
(4540, 'Belluno', 94, 4, 'IT-BL'),
(4541, 'Biella', 94, 4, 'IT-BI'),
(4542, 'Bergamo', 94, 4, 'IT-BG'),
(4543, 'Bari', 94, 4, 'IT-BA'),
(4544, 'Avellino', 94, 4, 'IT-AV'),
(4545, 'Asti', 94, 4, 'IT-AT'),
(4546, 'Arezzo', 94, 4, 'IT-AR'),
(4547, 'L\'Aquila', 94, 4, 'IT-AQ'),
(4548, 'Ascoli Piceno', 94, 4, 'IT-5'),
(4549, 'Aosta', 94, 4, 'IT-AO'),
(4550, 'Ancona', 94, 4, 'IT-AN'),
(4551, 'Alessandria', 94, 4, 'IT-AL'),
(4552, 'Agrigento', 94, 4, 'IT-AG'),
(4553, 'Vibo Valentia', 94, 4, 'IT-VV'),
(4554, 'Viterbo', 94, 4, 'IT-VT'),
(4555, 'Verona', 94, 4, 'IT-VR'),
(4556, 'Vicenza', 94, 4, 'IT-VI'),
(4557, 'Venezia (Venice)', 94, 4, 'IT-VE'),
(4558, 'Vercelli', 94, 4, 'IT-VC'),
(4559, 'Verbano-Cusio-Ossola', 94, 4, 'IT-VB'),
(4560, 'Varese', 94, 4, 'IT-VA'),
(4561, 'Udine', 94, 4, 'IT-UD'),
(4562, 'Treviso', 94, 4, 'IT-TV'),
(4563, 'Trieste', 94, 4, 'IT-TS'),
(4564, 'Terni', 94, 4, 'IT-TR'),
(4565, 'Trapani', 94, 4, 'IT-TP'),
(4566, 'Torino (Turin)', 94, 4, 'IT-TO'),
(4567, 'Trento', 94, 4, 'IT-TN'),
(4568, 'T\'eramo', 94, 4, 'IT-TE'),
(4569, 'Taranto', 94, 4, 'IT-TA'),
(4570, 'TSavona', 94, 4, 'IT-SV'),
(4571, 'TSassari', 94, 4, 'IT-SS'),
(4572, 'TSiracusa (Syracuse)', 94, 4, 'IT-SR'),
(4573, 'La Spezia', 94, 4, 'IT-SP'),
(4574, 'TSondrio', 94, 4, 'IT-SO'),
(4575, 'TSiena', 94, 4, 'IT-SI'),
(4576, 'TSalerno', 94, 4, 'IT-SA'),
(4577, 'Rovigo', 94, 4, 'IT-RO'),
(4578, 'Rimini', 94, 4, 'IT-RN'),
(4579, 'Roma (Rome)', 94, 4, 'IT-RM'),
(4580, 'Rieti', 94, 4, 'IT-RI'),
(4581, 'Ragusa', 94, 4, 'IT-RG'),
(4582, 'Reggio Emilia', 94, 4, 'IT-RE'),
(4583, 'Reggio Calabria', 94, 4, 'IT-RC'),
(4584, 'Ravenna', 94, 4, 'IT-RA'),
(4585, 'Potenza', 94, 4, 'IT-PZ'),
(4586, 'Pavia', 94, 4, 'IT-PV'),
(4587, 'Pistoia', 94, 4, 'IT-PT'),
(4588, 'Pesaro e Urbino', 94, 4, 'IT-PS'),
(4589, 'Parma', 94, 4, 'IT-PR'),
(4590, 'Prato', 94, 4, 'IT-PO'),
(4591, 'Pordenone', 94, 4, 'IT-PN'),
(4592, 'Ma\'an', 95, 4, 'JO-MN'),
(4593, 'Madaba', 95, 4, 'JO-MD'),
(4594, 'Al Mafraq', 95, 4, 'JO-MA'),
(4595, 'Al Karak', 95, 4, 'JO-KA'),
(4596, 'Jarash', 95, 4, 'JO-JA'),
(4597, 'Irbid', 95, 4, 'JO-IR'),
(4598, 'Al Balqa', 95, 4, 'JO-BA'),
(4599, 'Az Zarqa', 95, 4, 'JO-AZ'),
(4600, 'At Tafilah', 95, 4, 'JO-AT'),
(4601, 'Al Aqaba', 95, 4, 'JO-AQ'),
(4602, 'Amman', 95, 4, 'JO-AM'),
(4603, 'Ajlun', 95, 4, 'JO-AJ'),
(4604, 'Zhambyl', 96, 4, 'KZ-ZHA'),
(4605, 'Soltustik Qazaqstan', 96, 4, 'KZ-SEV'),
(4606, 'Shyghys Qazaqstan', 96, 4, 'KZ-VOS'),
(4607, 'Qyzylorda', 96, 4, 'KZ-KZY'),
(4608, 'Qostanay', 96, 4, 'KZ-KUS'),
(4609, 'Qaraghandy', 96, 4, 'KZ-KAR'),
(4610, 'Pavlodar', 96, 4, 'KZ-PAV'),
(4611, 'Ongtustik Qazaqstan', 96, 4, 'KZ-YUZ'),
(4612, 'Mangghystau', 96, 4, 'KZ-MAN'),
(4613, 'Batys Qazaqstan', 96, 4, 'KZ-Z5'),
(4614, 'Atyrau', 96, 4, 'KZ-ATY'),
(4615, 'Aqtobe', 96, 4, 'KZ-AKT'),
(4616, 'Aqmola', 96, 4, 'KZ-AKM'),
(4617, 'Almaty', 96, 4, 'KZ-ALM'),
(4618, 'Astana', 96, 4, 'KZ-AST'),
(4619, 'Almaty', 96, 4, 'KZ-A3'),
(4620, 'Western', 97, 4, 'KE-900'),
(4621, 'Rift Valley', 97, 4, 'KE-700'),
(4622, 'Nyanza', 97, 4, 'KE-600'),
(4623, 'North-Eastern', 97, 4, 'KE-500'),
(4624, 'Eastern', 97, 4, 'KE-400'),
(4625, 'Coast', 97, 4, 'KE-300'),
(4626, 'Central', 97, 4, 'KE-200'),
(4627, 'Nairobi Municipality', 97, 4, 'KE-110'),
(4628, 'Mubarak Al-Kabeer', 98, 4, 'KW-MU'),
(4629, 'Al Asimah', 98, 4, 'KW-KU'),
(4630, 'Al Jahra', 98, 4, 'KW-JA'),
(4631, 'Hawalli', 98, 4, 'KW-HW'),
(4632, 'Al Farwaniyah', 98, 4, 'KW-FA'),
(4633, 'Al Ahmadi', 98, 4, 'KW-AH'),
(4634, 'Rezekne', 99, 4, 'LV-REZ'),
(4635, 'Liepaja', 99, 4, 'LV-LPX'),
(4636, 'Jurmala', 99, 4, 'LV-JUR'),
(4637, 'Jelgava', 99, 4, 'LV-JEL'),
(4638, 'Daugavpils', 99, 4, 'LV-DGV'),
(4639, 'Ventspils Aprinkis', 99, 4, 'LV-VE'),
(4640, 'Valmieras Aprinkis', 99, 4, 'LV-VM'),
(4641, 'Valkas Aprinkis', 99, 4, 'LV-VK'),
(4642, 'Tukuma Aprinkis', 99, 4, 'LV-TU'),
(4643, 'Ventspils', 99, 4, 'LV-VEN'),
(4644, 'Riga', 99, 4, 'LV-RIX'),
(4645, 'Talsu Aprinkis', 99, 4, 'LV-TA'),
(4646, 'Saldus Aprinkis', 99, 4, 'LV-SA'),
(4647, 'Rigas Aprinkis', 99, 4, 'LV-RI'),
(4648, 'Rezeknes Aprinkis', 99, 4, 'LV-RE'),
(4649, 'Preilu Aprinkis', 99, 4, 'LV-PR'),
(4650, 'Ogres Aprinkis', 99, 4, 'LV-OG'),
(4651, 'Madonas Aprinkis', 99, 4, 'LV-MA'),
(4652, 'Ludzas Aprinkis', 99, 4, 'LV-LU'),
(4653, 'Limbazu Aprinkis', 99, 4, 'LV-LM'),
(4654, 'Liepajas Aprinkis', 99, 4, 'LV-LE'),
(4655, 'Kuldigas Aprinkis', 99, 4, 'LV-KU'),
(4656, 'Kraslavas Aprinkis', 99, 4, 'LV-KR'),
(4657, 'Jekabpils Aprinkis', 99, 4, 'LV-JK'),
(4658, 'Jelgavas Aprinkis', 99, 4, 'LV-JL'),
(4659, 'Gulbenes Aprinkis', 99, 4, 'LV-GU'),
(4660, 'Dobeles Aprinkis', 99, 4, 'LV-DO'),
(4661, 'Daugavpils Aprinkis', 99, 4, 'LV-DA'),
(4662, 'Cesu Aprinkis', 99, 4, 'LV-CE'),
(4663, 'Bauskas Aprinkis', 99, 4, 'LV-BU'),
(4664, 'Balvu Aprinkis', 99, 4, 'LV-BL'),
(4665, 'Aluksnes Aprinkis', 99, 4, 'LV-AL'),
(4666, 'Aizkraukles Aprinkis', 99, 4, 'LV-AI'),
(4667, 'Nabatîyé', 100, 4, 'LB-1'),
(4668, 'Jabal Libnan (Mount Lebanon)', 100, 4, 'LB-JL'),
(4669, 'Al-Janub (South)', 100, 4, 'LB-JA'),
(4670, 'Béqaa', 100, 4, 'LB-BI'),
(4671, 'Baalbek-Hermel', 100, 4, 'LB-BH'),
(4672, 'Beirut', 100, 4, 'LB-BA'),
(4673, 'Ash-Shamal (North)', 100, 4, 'LB-AS'),
(4674, 'Aakkâr', 100, 4, 'LB-AK'),
(4675, 'Vilniaus Apskritis', 101, 4, 'LT-VL'),
(4676, 'Utenos Apskritis', 101, 4, 'LT-UT'),
(4677, 'Telsiu Apskritis', 101, 4, 'LT-TE'),
(4678, 'Taurages Apskritis', 101, 4, 'LT-TA'),
(4679, 'TSiauliu Apskritis', 101, 4, 'LT-SA'),
(4680, 'Panevezio Apskritis', 101, 4, 'LT-PN'),
(4681, 'Marijampoles Apskritis', 101, 4, 'LT-MR'),
(4682, 'Kauno Apskritis', 101, 4, 'LT-KU'),
(4683, 'Klaipedos Apskritis', 101, 4, 'LT-KL'),
(4684, 'Alytaus Apskritis', 101, 4, 'LT-AL'),
(4685, 'Luxemburg', 102, 4, 'LU-L'),
(4686, 'Grevenmacher', 102, 4, 'LU-G'),
(4687, 'Diekirch', 102, 4, 'LU-D'),
(4688, 'Toliara', 103, 4, 'MG-U'),
(4689, 'Toamasina', 103, 4, 'MG-A'),
(4690, 'Mahajanga', 103, 4, 'MG-M'),
(4691, 'Fianarantsoa', 103, 4, 'MG-F'),
(4692, 'Antsiranana', 103, 4, 'MG-D'),
(4693, 'Antananarivo', 103, 4, 'MG-T'),
(4694, 'Zomba', 104, 4, 'MW-ZO'),
(4695, 'Thyolo', 104, 4, 'MW-59'),
(4696, 'Salima', 104, 4, 'MW-SA'),
(4697, 'Rumphi', 104, 4, 'MW-RU'),
(4698, 'Phalombe', 104, 4, 'MW-52'),
(4699, 'Ntcheu', 104, 4, 'MW-NU'),
(4700, 'Nsanje', 104, 4, 'MW-NS'),
(4701, 'Nkhotakota', 104, 4, 'MW-NK'),
(4702, 'Ntchisi', 104, 4, 'MW-NI'),
(4703, 'Nkhata', 104, 4, 'MW-NB'),
(4704, 'Mzimba', 104, 4, 'MW-MZ'),
(4705, 'Mwanza', 104, 4, 'MW-MW'),
(4706, 'Mulanje', 104, 4, 'MW-MU'),
(4707, 'Machinga', 104, 4, 'MW-46'),
(4708, 'Mangochi', 104, 4, 'MW-MG'),
(4709, 'Mchinji', 104, 4, 'MW-MC'),
(4710, 'Likoma Island', 104, 4, 'MW-58'),
(4711, 'Lilongwe', 104, 4, 'MW-LI'),
(4712, 'Kasungu', 104, 4, 'MW-KS'),
(4713, 'Karonga', 104, 4, 'MW-57'),
(4714, 'Dowa', 104, 4, 'MW-DO'),
(4715, 'Dedza', 104, 4, 'MW-DE'),
(4716, 'Chitipa', 104, 4, 'MW-CT'),
(4717, 'Chiradzulu', 104, 4, 'MW-CR'),
(4718, 'Chikwawa', 104, 4, 'MW-CK'),
(4719, 'Blantyre', 104, 4, 'MW-BL'),
(4720, 'Balaka', 104, 4, 'MW-BA'),
(4721, 'Al Haouz', 105, 4, 'MA-HAO'),
(4722, 'Al Hoceïma', 105, 4, 'MA-HOC'),
(4723, 'Assa-Zag', 105, 4, 'MA-ASZ'),
(4724, 'Azilal', 105, 4, 'MA-AZI'),
(4725, 'Ben Slimane', 105, 4, 'MA-BES'),
(4726, 'Beni Mellal', 105, 4, 'MA-BEM'),
(4727, 'Berkane', 105, 4, 'MA-BER'),
(4728, 'Boujdour', 105, 4, 'MA-BOD'),
(4729, 'Boulemane', 105, 4, 'MA-BOM'),
(4730, 'Chefchaouen', 105, 4, 'MA-CHE'),
(4731, 'Chichaoua', 105, 4, 'MA-CHI'),
(4732, 'Chtouka-Ait Baha', 105, 4, 'MA-CHT'),
(4733, 'El Hajeb', 105, 4, 'MA-HAJ'),
(4734, 'El Jadida', 105, 4, 'MA-JDI'),
(4735, 'Errachidia', 105, 4, 'MA-ERR'),
(4736, 'Es Smara', 105, 4, 'MA-ESM'),
(4737, 'Essaouira', 105, 4, 'MA-ESI'),
(4738, 'Figuig', 105, 4, 'MA-FIG'),
(4739, 'Guelmim', 105, 4, 'MA-GUE'),
(4740, 'Ifrane', 105, 4, 'MA-IFR'),
(4741, 'Jrada', 105, 4, 'MA-JRA'),
(4742, 'Kelaat es Sraghna', 105, 4, 'MA-KES'),
(4743, 'Kenitra', 105, 4, 'MA-KEN'),
(4744, 'Khemisset', 105, 4, 'MA-KHE'),
(4745, 'Khenifra', 105, 4, 'MA-KHN'),
(4746, 'Khouribga', 105, 4, 'MA-KHO'),
(4747, 'Laayoune', 105, 4, 'MA-LAA'),
(4748, 'Larache', 105, 4, 'MA-LAR'),
(4749, 'Mediouna', 105, 4, 'MA-MED'),
(4750, 'Moulay Yacoub', 105, 4, 'MA-MOU'),
(4751, 'Nador', 105, 4, 'MA-NAD'),
(4752, 'Nouaceur', 105, 4, 'MA-NOU'),
(4753, 'Ouarzazate', 105, 4, 'MA-OUA'),
(4754, 'Oued ed Dahab', 105, 4, 'MA-OUD'),
(4755, 'Safi', 105, 4, 'MA-SAF'),
(4756, 'Sefrou', 105, 4, 'MA-SEF'),
(4757, 'Settat', 105, 4, 'MA-SET'),
(4758, 'Sidi Kacem', 105, 4, 'MA-SIK'),
(4759, 'San-Tan', 105, 4, 'MA-TNT'),
(4760, 'Taounate', 105, 4, 'MA-TAO'),
(4761, 'Taourirt', 105, 4, 'MA-TAI'),
(4762, 'Taroudant', 105, 4, 'MA-TAR'),
(4763, 'Tata', 105, 4, 'MA-TAT'),
(4764, 'Taza', 105, 4, 'MA-TAZ'),
(4765, 'Tiznit', 105, 4, 'MA-TIZ'),
(4766, 'Zagora', 105, 4, 'MA-ZAG'),
(4767, 'Agadir-Ida-Outanane', 105, 4, 'MA-AGD'),
(4768, 'Aousserd', 105, 4, 'MA-AOU'),
(4769, 'Casablanca', 105, 4, 'MA-CAS'),
(4770, 'Fahs-Beni Makada', 105, 4, 'MA-FAH'),
(4771, 'Inezgane-Ait Mellou', 105, 4, 'MA-INE'),
(4772, 'Marrakech-Medina', 105, 4, 'MA-MMD'),
(4773, 'Marrakech-Menara', 105, 4, 'MA-MMN'),
(4774, 'Meknès', 105, 4, 'MA-MEK'),
(4775, 'Mohammadia', 105, 4, 'MA-MOH'),
(4776, 'Oujda-Angad', 105, 4, 'MA-OUJ'),
(4777, 'Rabat', 105, 4, 'MA-RAB'),
(4778, 'TSalé', 105, 4, 'MA-SAL'),
(4779, 'TSidi Youssef Ben Al', 105, 4, 'MA-SYB'),
(4780, 'Tkhirate-Témara', 105, 4, 'MA-S3'),
(4781, 'Tanger-Assilah', 105, 4, 'MA-TNG'),
(4782, 'Tetouan', 105, 4, 'MA-TET'),
(4783, 'Otjozondjupa', 106, 4, 'NA-OD'),
(4784, 'Oshikoto', 106, 4, 'NA-OT'),
(4785, 'Oshana', 106, 4, 'NA-ON'),
(4786, 'Omusati', 106, 4, 'NA-OS'),
(4787, 'Omaheke', 106, 4, 'NA-OH'),
(4788, 'Okavango', 106, 4, 'NA-OK'),
(4789, 'Ohangwena', 106, 4, 'NA-OW'),
(4790, 'Kunene', 106, 4, 'NA-KU'),
(4791, 'Khomas', 106, 4, 'NA-35'),
(4792, 'Karas', 106, 4, 'NA-KA'),
(4793, 'Hardap', 106, 4, 'NA-HA'),
(4794, 'Erongo', 106, 4, 'NA-ER'),
(4795, 'Caprivi', 106, 4, 'NA-CA'),
(4796, 'Zuid Holland', 107, 4, 'NL-ZH'),
(4797, 'Zeeland', 107, 4, 'NL-ZE'),
(4798, 'Utrecht', 107, 4, 'NL-UT'),
(4799, 'Overijssel', 107, 4, 'NL-OV'),
(4800, 'Noord Holland', 107, 4, 'NL-NH'),
(4801, 'Noord Brabant', 107, 4, 'NL-NB'),
(4802, 'Limburg', 107, 4, 'NL-LI'),
(4803, 'Groningen', 107, 4, 'NL-GR'),
(4804, 'Gelderland', 107, 4, 'NL-GE'),
(4805, 'Friesland', 107, 4, 'NL-FR'),
(4806, 'Flevoland', 107, 4, 'NL-FL'),
(4807, 'Drenthe', 107, 4, 'NL-DR'),
(4808, 'Imo State', 108, 4, 'NG-IM'),
(4809, 'Gombe State', 108, 4, 'NG-GO'),
(4810, 'Flag of Lagos StateLagos State', 108, 4, 'NG-3'),
(4811, 'Federal Capital Territory', 108, 4, 'NG-FC'),
(4812, 'Enugu State', 108, 4, 'NG-EN'),
(4813, 'Ekiti State', 108, 4, 'NG-EK'),
(4814, 'Edo State', 108, 4, 'NG-ED'),
(4815, 'Ebonyi State', 108, 4, 'NG-EB'),
(4816, 'Delta State', 108, 4, 'NG-DE'),
(4817, 'Cross River State', 108, 4, 'NG-CR'),
(4818, 'Borno State', 108, 4, 'NG-BO'),
(4819, 'Benue State', 108, 4, 'NG-BE'),
(4820, 'Bayelsa State', 108, 4, 'NG-BY'),
(4821, 'Bauchi State', 108, 4, 'NG-BA'),
(4822, 'Anambra State', 108, 4, 'NG-AN'),
(4823, 'Akwa Ibom State', 108, 4, 'NG-AK'),
(4824, 'Adamawa State', 108, 4, 'NG-AD'),
(4825, 'Abia State', 108, 4, 'NG-AB'),
(4826, 'Zamfara State', 108, 4, 'NG-ZA'),
(4827, 'Yobe State', 108, 4, 'NG-YO'),
(4828, 'Taraba State', 108, 4, 'NG-TA'),
(4829, 'TSokoto State', 108, 4, 'NG-SO'),
(4830, 'Rivers State', 108, 4, 'NG-RI'),
(4831, 'Plateau State', 108, 4, 'NG-PL'),
(4832, 'Oyo State', 108, 4, 'NG-OY'),
(4833, 'Osun State', 108, 4, 'NG-OS'),
(4834, 'Ondo State', 108, 4, 'NG-ON'),
(4835, 'Ogun State', 108, 4, 'NG-OG'),
(4836, 'Niger State', 108, 4, 'NG-NI'),
(4837, 'Nasarawa State', 108, 4, 'NG-1'),
(4838, 'Kwara State', 108, 4, 'NG-KW'),
(4839, 'Kogi State', 108, 4, 'NG-KO'),
(4840, 'Kebbi State', 108, 4, 'NG-KB'),
(4841, 'Katsina State', 108, 4, 'NG-KT'),
(4842, 'Kano State', 108, 4, 'NG-KN'),
(4843, 'Kaduna State', 108, 4, 'NG-KD'),
(4844, 'Jigawa State', 108, 4, 'NG-JI'),
(4845, 'Finnmark', 109, 4, 'NO-20'),
(4846, 'Troms', 109, 4, 'NO-19'),
(4847, 'Nordland', 109, 4, 'NO-18'),
(4848, 'Nord-Trøndelag', 109, 4, 'NO-17'),
(4849, 'Sør-Trøndelag', 109, 4, 'NO-16'),
(4850, 'Møre og Romsdal', 109, 4, 'NO-15'),
(4851, 'Sogn og Fjordane', 109, 4, 'NO-14'),
(4852, 'Hordaland', 109, 4, 'NO-12'),
(4853, 'Rogaland', 109, 4, 'NO-11'),
(4854, 'Vest-Agder', 109, 4, 'NO-10'),
(4855, 'Aust-Agder', 109, 4, 'NO-09'),
(4856, 'Telemark', 109, 4, 'NO-08'),
(4857, 'Vestfold', 109, 4, 'NO-07'),
(4858, 'Buskerud', 109, 4, 'NO-06'),
(4859, 'Oppland', 109, 4, 'NO-05'),
(4860, 'Hedmark', 109, 4, 'NO-04'),
(4861, 'Oslo', 109, 4, 'NO-03'),
(4862, 'Akershus', 109, 4, 'NO-02'),
(4863, 'Østfold', 109, 4, 'NO-01'),
(4864, 'Az¸ Z¸ahirah', 110, 4, 'OM-ZA'),
(4865, 'Al Wustá', 110, 4, 'OM-WU'),
(4866, 'Ash Sharqiyah', 110, 4, 'OM-SH'),
(4867, 'Musandam', 110, 4, 'OM-MU'),
(4868, 'Masqat', 110, 4, 'OM-MA'),
(4869, 'Al Janubiyah (Z¸ufar)', 110, 4, 'OM-JA'),
(4870, 'Ad Dakhiliyah', 110, 4, 'OM-DA'),
(4871, 'Al Batinah', 110, 4, 'OM-BA'),
(4872, 'Federally Administered Tribal Areas', 111, 4, 'PK-TA'),
(4873, 'Sindh', 111, 4, 'PK-SD'),
(4874, 'Punjab', 111, 4, 'PK-PB'),
(4875, 'North-West Frontier', 111, 4, 'PK-NW'),
(4876, 'Northern Areas Pakistan', 111, 4, 'PK-1'),
(4877, 'Azad Kashmir Pakistan', 111, 4, 'PK-JK'),
(4878, 'Islamabad federal', 111, 4, 'PK-IS'),
(4879, 'Balochistan (ur: Balochistan)', 111, 4, 'PK-BA'),
(4880, 'West Pomerania (Zachodniopomorskie)', 112, 4, 'PL-ZP'),
(4881, 'Greater Poland (Wielkopolskie)', 112, 4, 'PL-WP'),
(4882, 'Warmia-Masuria (Warminsko-Mazurskie)', 112, 4, 'PL-WN'),
(4883, 'Silesia (Slaskie)', 112, 4, 'PL-SL'),
(4884, 'Swietokrzyskie (Swietokrzyskie)', 112, 4, 'PL-SK'),
(4885, 'Pomorskie (Pomorskie)', 112, 4, 'PL-PM'),
(4886, 'Subcarpathia (Podkarpackie)', 112, 4, 'PL-PK'),
(4887, 'Podlaskie (Podlaskie)', 112, 4, 'PL-PD'),
(4888, 'Opole (Opolskie)', 112, 4, 'PL-OP'),
(4889, 'Masovia (Mazowieckie)', 112, 4, 'PL-MZ'),
(4890, 'Lesser Poland (Malopolskie)', 112, 4, 'PL-MA'),
(4891, 'Lubelskie (Lubelskie)', 112, 4, 'PL-LU'),
(4892, 'Lodz (Lódzkie)', 112, 4, 'PL-LD'),
(4893, 'Lubusz (Lubuskie)', 112, 4, 'PL-LB'),
(4894, 'Kuyavia-Pomerania (Kujawsko-Pomorskie)', 112, 4, 'PL-49'),
(4895, 'Lower Silesia (Dolnoslaskie)', 112, 4, 'PL-DS'),
(4896, 'Beja', 113, 4, 'PT-02'),
(4897, 'Aveiro', 113, 4, 'PT-01'),
(4898, 'Região Autónoma da Madeira', 113, 4, 'PT-30'),
(4899, 'Região Autónoma dos Açores', 113, 4, 'PT-20'),
(4900, 'Viseu', 113, 4, 'PT-18'),
(4901, 'Vila Real', 113, 4, 'PT-17'),
(4902, 'Viana do Castelo', 113, 4, 'PT-16'),
(4903, 'Tetúbal', 113, 4, 'PT-1'),
(4904, 'Santarém', 113, 4, 'PT-14'),
(4905, 'Porto', 113, 4, 'PT-13'),
(4906, 'Portalegre', 113, 4, 'PT-12'),
(4907, 'Lisboa', 113, 4, 'PT-11'),
(4908, 'Leiria', 113, 4, 'PT-10'),
(4909, 'Guarda', 113, 4, 'PT-09'),
(4910, 'Faro', 113, 4, 'PT-08'),
(4911, 'Évora', 113, 4, 'PT-07'),
(4912, 'Coimbra', 113, 4, 'PT-06'),
(4913, 'Castelo Branco', 113, 4, 'PT-05'),
(4914, 'Bragança', 113, 4, 'PT-04'),
(4915, 'Braga', 113, 4, 'PT-03'),
(4916, 'Al Wakrah', 114, 4, 'QA-WA'),
(4917, 'Umm Salal', 114, 4, 'QA-US'),
(4918, 'Ar Rayyan', 114, 4, 'QA-RA'),
(4919, 'Madinat ash Shamal', 114, 4, 'QA-MS'),
(4920, 'Al Khawr', 114, 4, 'QA-35'),
(4921, 'Al Jumayliyah', 114, 4, 'QA-JU'),
(4922, 'Jariyan al Batnah', 114, 4, 'QA-JB'),
(4923, 'Al Ghuwayriyah', 114, 4, 'QA-GH'),
(4924, 'Ad Daw ah', 114, 4, 'QA-DA'),
(4925, 'Asir', 115, 4, 'SA-14'),
(4926, 'Al Jawf', 115, 4, 'SA-12'),
(4927, 'Al Bahah', 115, 4, 'SA-11'),
(4928, 'Najran', 115, 4, 'SA-10'),
(4929, 'Jizan', 115, 4, 'SA-09'),
(4930, 'Al Hudud ash Shamaliyah', 115, 4, 'SA-08'),
(4931, 'Tabuk', 115, 4, 'SA-07'),
(4932, 'Ha\'il', 115, 4, 'SA-06'),
(4933, 'Al Qasim', 115, 4, 'SA-05'),
(4934, 'Ash Sharqiyah', 115, 4, 'SA-04'),
(4935, 'Al Madinah', 115, 4, 'SA-03'),
(4936, 'Makkah', 115, 4, 'SA-02'),
(4937, 'Ar Riya', 115, 4, 'SA-01'),
(4938, 'Southern province', 116, 4, 'SL-S'),
(4939, 'Northern province', 116, 4, 'SL-N'),
(4940, 'Eastern province', 116, 4, 'SL-E'),
(4941, 'Western Area (Freetown) area', 116, 4, 'SL-W'),
(4942, 'KwaZulu-Natal', 117, 4, 'ZA-ZN'),
(4943, 'Western Cape', 117, 4, 'ZA-WC'),
(4944, 'North West province', 117, 4, 'ZA-NW'),
(4945, 'Northern Cape', 117, 4, 'ZA-NC'),
(4946, 'Mpumalanga', 117, 4, 'ZA-MP'),
(4947, 'Limpopo', 117, 4, 'ZA-LP'),
(4948, 'Gauteng', 117, 4, 'ZA-GP'),
(4949, 'Free State', 117, 4, 'ZA-FS'),
(4950, 'Eastern Cape', 117, 4, 'ZA-EC'),
(4951, 'Zamora', 118, 4, 'ES-ZA'),
(4952, 'Zaragoza', 118, 4, 'ES-Z'),
(4953, 'Álava', 118, 4, 'ES-VI'),
(4954, 'Valladolid', 118, 4, 'ES-VA'),
(4955, 'Valencia', 118, 4, 'ES-V'),
(4956, 'Toledo', 118, 4, 'ES-TO'),
(4957, 'Santa Cruz De Tenerife', 118, 4, 'ES-TF'),
(4958, 'Teruel', 118, 4, 'ES-TE'),
(4959, 'Tarragona', 118, 4, 'ES-T'),
(4960, 'Guipúzcoa', 118, 4, 'ES-SS'),
(4961, 'Soria', 118, 4, 'ES-SO'),
(4962, 'Tegovia', 118, 4, 'ES-5'),
(4963, 'Seville', 118, 4, 'ES-SE'),
(4964, 'Salamanca', 118, 4, 'ES-SA'),
(4965, 'Cantabria', 118, 4, 'ES-S'),
(4966, 'Pontevedra', 118, 4, 'ES-PO'),
(4967, 'Baleares', 118, 4, 'ES-PM'),
(4968, 'Palencia', 118, 4, 'ES-P'),
(4969, 'Ourense', 118, 4, 'ES-OR'),
(4970, 'Asturias', 118, 4, 'ES-O'),
(4971, 'Navarre', 118, 4, 'ES-1'),
(4972, 'Murcia', 118, 4, 'ES-MU'),
(4973, 'Melilla', 118, 4, 'ES-ML'),
(4974, 'Málaga', 118, 4, 'ES-MA'),
(4975, 'Madrid', 118, 4, 'ES-M'),
(4976, 'Lugo', 118, 4, 'ES-LU'),
(4977, 'La Rioja', 118, 4, 'ES-LO'),
(4978, 'León', 118, 4, 'ES-LE'),
(4979, 'Lleida', 118, 4, 'ES-L'),
(4980, 'Jaén', 118, 4, 'ES-J'),
(4981, 'Huesca', 118, 4, 'ES-HU'),
(4982, 'Huelva', 118, 4, 'ES-H'),
(4983, 'Guadalajara', 118, 4, 'ES-GU'),
(4984, 'Granada', 118, 4, 'ES-GR'),
(4985, 'Girona', 118, 4, 'ES-GI'),
(4986, 'Las Palmas', 118, 4, 'ES-GC'),
(4987, 'Cuenca', 118, 4, 'ES-CU'),
(4988, 'Castellón', 118, 4, 'ES-CS'),
(4989, 'Ciudad Real', 118, 4, 'ES-CR'),
(4990, 'Córdoba', 118, 4, 'ES-CO'),
(4991, 'Ceuta', 118, 4, 'ES-CE'),
(4992, 'Cáceres', 118, 4, 'ES-CC'),
(4993, 'Cádiz', 118, 4, 'ES-CA'),
(4994, 'A Coruña', 118, 4, 'ES-C'),
(4995, 'Burgos', 118, 4, 'ES-BU'),
(4996, 'Biscay', 118, 4, 'ES-BI'),
(4997, 'Badajoz', 118, 4, 'ES-BA'),
(4998, 'Barcelona', 118, 4, 'ES-B'),
(4999, 'Ávila', 118, 4, 'ES-AV'),
(5000, 'Almería', 118, 4, 'ES-AL'),
(5001, 'Albacete', 118, 4, 'ES-AB'),
(5002, 'Alicante', 118, 4, 'ES-A'),
(5003, 'Shiselweni', 119, 4, 'SZ-SH'),
(5004, 'Manzini', 119, 4, 'SZ-MA'),
(5005, 'Lubombo', 119, 4, 'SZ-LU'),
(5006, 'Hhohho', 119, 4, 'SZ-HH'),
(5007, 'Tartus', 120, 4, 'SY-TA'),
(5008, 'As Suwayda', 120, 4, 'SY-SU'),
(5009, 'Rif Dimashq', 120, 4, 'SY-RD'),
(5010, 'Ar Raqqah', 120, 4, 'SY-RA'),
(5011, 'Al Qunaytirah', 120, 4, 'SY-QU'),
(5012, 'Al Ladhiqiyah', 120, 4, 'SY-3'),
(5013, 'Idlib', 120, 4, 'SY-41'),
(5014, 'Hamah', 120, 4, 'SY-HM'),
(5015, 'Aleppo', 120, 4, 'SY-HL'),
(5016, 'Hims', 120, 4, 'SY-HI'),
(5017, 'Al Hasakah', 120, 4, 'SY-HA'),
(5018, 'Dayr az Zawr', 120, 4, 'SY-DY'),
(5019, 'Dara', 120, 4, 'SY-DR'),
(5020, 'Dimashq', 120, 4, 'SY-DI'),
(5021, 'Sughd', 121, 4, 'J-SU'),
(5022, 'Khatlon', 121, 4, 'J-KT'),
(5023, 'Gorno-Badakhshan', 121, 4, 'J-GB'),
(5024, 'Düzce', 122, 4, 'TR-81'),
(5025, 'Osmaniye', 122, 4, 'TR-80'),
(5026, 'Kilis', 122, 4, 'TR-79'),
(5027, 'Karabük', 122, 4, 'TR-78'),
(5028, 'Yalova', 122, 4, 'TR-77'),
(5029, 'Igdir', 122, 4, 'TR-76'),
(5030, 'Ardahan', 122, 4, 'TR-75'),
(5031, 'Bartin', 122, 4, 'TR-74'),
(5032, 'Sirnak', 122, 4, 'TR-73'),
(5033, 'Batman', 122, 4, 'TR-72'),
(5034, 'Kirikkale', 122, 4, 'TR-71'),
(5035, 'Karaman', 122, 4, 'TR-70'),
(5036, 'Bayburt', 122, 4, 'TR-69'),
(5037, 'Aksaray', 122, 4, 'TR-68'),
(5038, 'Zonguldak', 122, 4, 'TR-67'),
(5039, 'Yozgat', 122, 4, 'TR-66'),
(5040, 'Van', 122, 4, 'TR-65'),
(5041, 'Usak', 122, 4, 'TR-64'),
(5042, 'Sanliurfa', 122, 4, 'TR-63'),
(5043, 'Tunceli', 122, 4, 'TR-62'),
(5044, 'Trabzon', 122, 4, 'TR-61'),
(5045, 'Tokat', 122, 4, 'TR-60'),
(5046, 'Tekirdag', 122, 4, 'TR-59'),
(5047, 'Sivas', 122, 4, 'TR-58'),
(5048, 'Sinop', 122, 4, 'TR-57'),
(5049, 'Siirt', 122, 4, 'TR-56'),
(5050, 'Tamsun', 122, 4, 'TR-55'),
(5051, 'Sakarya', 122, 4, 'TR-54'),
(5052, 'Rize', 122, 4, 'TR-53'),
(5053, 'Ordu', 122, 4, 'TR-52'),
(5054, 'Nigde', 122, 4, 'TR-51'),
(5055, 'Nevsehir', 122, 4, 'TR-50'),
(5056, 'Mus', 122, 4, 'TR-49'),
(5057, 'Mugla', 122, 4, 'TR-48'),
(5058, 'Mardin', 122, 4, 'TR-47'),
(5059, 'Kahramanmaras', 122, 4, 'TR-46'),
(5060, 'Manisa', 122, 4, 'TR-45'),
(5061, 'Malatya', 122, 4, 'TR-44'),
(5062, 'Kütahya', 122, 4, 'TR-43'),
(5063, 'Konya', 122, 4, 'TR-42'),
(5064, 'Kocaeli', 122, 4, 'TR-41'),
(5065, 'Kirsehir', 122, 4, 'TR-40'),
(5066, 'Kirklareli', 122, 4, 'TR-39'),
(5067, 'Kayseri', 122, 4, 'TR-38'),
(5068, 'Kastamonu', 122, 4, 'TR-37'),
(5069, 'Kars', 122, 4, 'TR-36'),
(5070, 'Izmir', 122, 4, 'TR-35'),
(5071, 'Istanbul', 122, 4, 'TR-34'),
(5072, 'Mersin', 122, 4, 'TR-33'),
(5073, 'Isparta', 122, 4, 'TR-32'),
(5074, 'Hatay', 122, 4, 'TR-31'),
(5075, 'Hakkari', 122, 4, 'TR-30'),
(5076, 'Gümüshane', 122, 4, 'TR-29'),
(5077, 'Giresun', 122, 4, 'TR-28'),
(5078, 'Gaziantep', 122, 4, 'TR-27'),
(5079, 'Eskisehir', 122, 4, 'TR-26'),
(5080, 'Erzurum', 122, 4, 'TR-25'),
(5081, 'Erzincan', 122, 4, 'TR-24'),
(5082, 'Elazig', 122, 4, 'TR-23'),
(5083, 'Edirne', 122, 4, 'TR-22'),
(5084, 'Diyarbakir', 122, 4, 'TR-21'),
(5085, 'Denizli', 122, 4, 'TR-20'),
(5086, 'Çorum', 122, 4, 'TR-19'),
(5087, 'Çankiri', 122, 4, 'TR-18'),
(5088, 'Çanakkale', 122, 4, 'TR-17'),
(5089, 'Bursa', 122, 4, 'TR-16'),
(5090, 'Burdur', 122, 4, 'TR-15'),
(5091, 'Bolu', 122, 4, 'TR-14'),
(5092, 'Bitlis', 122, 4, 'TR-13'),
(5093, 'Bingöl', 122, 4, 'TR-12'),
(5094, 'Bilecik', 122, 4, 'TR-11'),
(5095, 'Balikesir', 122, 4, 'TR-10'),
(5096, 'Aydin', 122, 4, 'TR-09'),
(5097, 'Artvin', 122, 4, 'TR-08'),
(5098, 'Antalya', 122, 4, 'TR-07'),
(5099, 'Ankara', 122, 4, 'TR-06'),
(5100, 'Amasya', 122, 4, 'TR-05'),
(5101, 'Agri', 122, 4, 'TR-04'),
(5102, 'Afyonkarahisar', 122, 4, 'TR-03'),
(5103, 'Adiyaman', 122, 4, 'TR-02'),
(5104, 'Adana', 122, 4, 'TR-01'),
(5105, 'Chernivetska oblast', 123, 4, 'UA-77'),
(5106, 'Chernihivska oblast', 123, 4, 'UA-74'),
(5107, 'Cherkaska oblast', 123, 4, 'UA-71'),
(5108, 'Khmelnytska oblast', 123, 4, 'UA-68'),
(5109, 'Khersonska Oblast', 123, 4, 'UA-65'),
(5110, 'Kharkivska oblast', 123, 4, 'UA-63'),
(5111, 'erYESpilska oblast', 123, 4, 'UA-61'),
(5112, 'Sumska oblast', 123, 4, 'UA-59'),
(5113, 'Poltavska oblast', 123, 4, 'UA-53'),
(5114, 'Odeska oblast', 123, 4, 'UA-51'),
(5115, 'Mykolayivska oblast', 123, 4, 'UA-48'),
(5116, 'Lvivska oblast', 123, 4, 'UA-46'),
(5117, 'Krym (AvtoYESmna Respublika)', 123, 4, 'UA-43'),
(5118, 'Sevastopol (City of)', 123, 4, 'UA-40'),
(5119, 'Kirovohradska oblast', 123, 4, 'UA-35'),
(5120, 'Kyivska oblast', 123, 4, 'UA-32'),
(5121, 'Kyiv (City of)', 123, 4, 'UA-30'),
(5122, 'IvaYES-Frankivska oblast', 123, 4, 'UA-26'),
(5123, 'Zaporizka oblast', 123, 4, 'UA-23'),
(5124, 'Zakarpatska oblast', 123, 4, 'UA-21'),
(5125, 'Rivnenska oblast', 123, 4, 'UA-19'),
(5126, 'Zhytomyrska oblast', 123, 4, 'UA-18'),
(5127, 'Donetska oblast', 123, 4, 'UA-14'),
(5128, 'Dnipropetrovska oblast', 123, 4, 'UA-12'),
(5129, 'Luhanska oblast', 123, 4, 'UA-09'),
(5130, 'Volynska oblast', 123, 4, 'UA-07'),
(5131, 'Vinnytska oblast', 123, 4, 'UA-05'),
(5132, 'Umm al Qaywayn', 124, 4, 'AE-UQ'),
(5133, 'Sharjah', 124, 4, 'AE-SH'),
(5134, 'Ra’s al Khaymah', 124, 4, 'AE-RK'),
(5135, 'Al Fujayrah', 124, 4, 'AE-FU'),
(5136, 'Dubai', 124, 4, 'AE-DU'),
(5137, 'Abu Dhabi', 124, 4, 'AE-AZ'),
(5138, 'Ajman', 124, 4, 'AE-AJ'),
(5139, 'Renfrewshire', 125, 4, 'GB-RFW'),
(5140, 'Reading (unitary authority)', 125, 4, 'GB-RDG'),
(5141, 'Redbridge (London borough)', 125, 4, 'GB-RDB'),
(5142, 'Rhondda Cynon Taff', 125, 4, 'GB-RCT'),
(5143, 'Rochdale (Greater Manchester district)', 125, 4, 'GB-RCH'),
(5144, 'Redcar and Cleveland (unitary authority)', 125, 4, 'GB-RCC'),
(5145, 'Peterborough (unitary authority)', 125, 4, 'GB-PTE'),
(5146, 'Powys', 125, 4, 'GB-POW'),
(5147, 'Portsmouth (unitary authority)', 125, 4, 'GB-POR'),
(5148, 'Poole (unitary authority)', 125, 4, 'GB-POL'),
(5149, 'Plymouth (unitary authority)', 125, 4, 'GB-PLY'),
(5150, 'Perth and Kinross', 125, 4, 'GB-PKN'),
(5151, 'Pembrokeshire', 125, 4, 'GB-PEM'),
(5152, 'Oxfordshire (county)', 125, 4, 'GB-OXF'),
(5153, 'Orkney Islands', 125, 4, 'GB-ORK'),
(5154, 'Omagh', 125, 4, 'GB-ORM'),
(5155, 'Oldham (Greater Manchester district)', 125, 4, 'GB-OLD'),
(5156, 'Newry and Mourne', 125, 4, 'GB-NYM'),
(5157, 'North Yorkshire (county)', 125, 4, 'GB-NYK'),
(5158, 'Newport', 125, 4, 'GB-NWP'),
(5159, 'Newham (London borough)', 125, 4, 'GB-NWM'),
(5160, 'North Tyneside (Tyne AND Wear district)', 125, 4, 'GB-NTY'),
(5161, 'Nottinghamshire (county)', 125, 4, 'GB-NTT'),
(5162, 'Neath Port Talbot', 125, 4, 'GB-N37'),
(5163, 'Northamptonshire (county)', 125, 4, 'GB-N59'),
(5164, 'Newtownabbey', 125, 4, 'GB-NTA'),
(5165, 'North Somerset (unitary authority)', 125, 4, 'GB-NSM'),
(5166, 'North Lincolnshire (unitary authority)', 125, 4, 'GB-NLN'),
(5167, 'North Lanarkshire', 125, 4, 'GB-N58'),
(5168, 'Nottingham (unitary authority)', 125, 4, 'GB-NGM'),
(5169, 'Norfolk (county)', 125, 4, 'GB-NFK'),
(5170, 'Newcastle upon Tyne (Tyne AND Wear district)', 125, 4, 'GB-NET'),
(5171, 'North East Lincolnshire (unitary authority)', 125, 4, 'GB-NEL'),
(5172, 'North Down', 125, 4, 'GB-NDN'),
(5173, 'Northumberland (county)', 125, 4, 'GB-NBL'),
(5174, 'North Ayrshire', 125, 4, 'GB-NAY'),
(5175, 'Moyle', 125, 4, 'GB-MYL'),
(5176, 'Merthyr Tydfil', 125, 4, 'GB-MTY'),
(5177, 'Moray', 125, 4, 'GB-MRY'),
(5178, 'Merton (London borough)', 125, 4, 'GB-MRT'),
(5179, 'Monmouthshire', 125, 4, 'GB-MON'),
(5180, 'Midlothian', 125, 4, 'GB-MLN'),
(5181, 'Milton Keynes (unitary authority)', 125, 4, 'GB-MIK'),
(5182, 'Magherafelt', 125, 4, 'GB-MFT'),
(5183, 'Medway (unitary authority)', 125, 4, 'GB-MDW'),
(5184, 'Middlesbrough (unitary authority)', 125, 4, 'GB-MDB'),
(5185, 'Manchester (Greater Manchester district)', 125, 4, 'GB-MAN'),
(5186, 'Luton (unitary authority)', 125, 4, 'GB-LUT'),
(5187, 'Lisburn', 125, 4, 'GB-L56'),
(5188, 'Larne', 125, 4, 'GB-LRN'),
(5189, 'London', 125, 4, 'GB-LND'),
(5190, 'Limavady', 125, 4, 'GB-LMV'),
(5191, 'Liverpool (Merseyside district)', 125, 4, 'GB-LIV'),
(5192, 'Strabane', 125, 4, 'GB-STB'),
(5193, 'Surrey (county)', 125, 4, 'GB-SRY'),
(5194, 'Southend-on-Sea (unitary authority)', 125, 4, 'GB-SOS'),
(5195, 'Somerset (county)', 125, 4, 'GB-SOM'),
(5196, 'Solihull (West Midlands district)', 125, 4, 'GB-SOL'),
(5197, 'Sunderland (Tyne AND Wear district)', 125, 4, 'GB-SND'),
(5198, 'South Lanarkshire', 125, 4, 'GB-S58'),
(5199, 'Slough (unitary authority)', 125, 4, 'GB-SLG'),
(5200, 'Salford (Greater Manchester district)', 125, 4, 'GB-SLF'),
(5201, 'Stockport (Greater Manchester district)', 125, 4, 'GB-S49'),
(5202, 'Shropshire (county)', 125, 4, 'GB-SHR'),
(5203, 'St Helens (Merseyside district)', 125, 4, 'GB-SHN'),
(5204, 'Sheffield (South Yorkshire district)', 125, 4, 'GB-SHF'),
(5205, 'South Gloucestershire (unitary authority)', 125, 4, 'GB-SGC'),
(5206, 'Sefton (Merseyside district)', 125, 4, 'GB-SFT'),
(5207, 'Suffolk (county)', 125, 4, 'GB-SFK'),
(5208, 'Scottish Borders', 125, 4, 'GB-SCB'),
(5209, 'South Ayrshire', 125, 4, 'GB-SAY'),
(5210, 'Sandwell (West Midlands district)', 125, 4, 'GB-SAW'),
(5211, 'Rutland (unitary authority)', 125, 4, 'GB-RUT'),
(5212, 'Rotherham (South Yorkshire district)', 125, 4, 'GB-ROT'),
(5213, 'Richmond upon Thames (London borough)', 125, 4, 'GB-RIC'),
(5214, 'Eilean Siar', 125, 4, 'GB-ELS'),
(5215, 'East Lothian', 125, 4, 'GB-ELN'),
(5216, 'East Dunbartonshire', 125, 4, 'GB-EDU'),
(5217, 'Edinburgh', 125, 4, 'GB-EDH'),
(5218, 'East Ayrshire', 125, 4, 'GB-EAY'),
(5219, 'Ealing (London borough)', 125, 4, 'GB-EAL'),
(5220, 'Durham (county)', 125, 4, 'GB-DUR'),
(5221, 'Dudley (West Midlands district)', 125, 4, 'GB-DUD'),
(5222, 'Derry', 125, 4, 'GB-DRY'),
(5223, 'Down', 125, 4, 'GB-DOW'),
(5224, 'Dorset (county)', 125, 4, 'GB-DOR'),
(5225, 'Dundee', 125, 4, 'GB-DND'),
(5226, 'Doncaster (South Yorkshire district)', 125, 4, 'GB-DNC'),
(5227, 'Dumfries and Galloway', 125, 4, 'GB-DGY'),
(5228, 'Dungannon and South Tyrone', 125, 4, 'GB-DGN'),
(5229, 'Devon (county)', 125, 4, 'GB-DEV'),
(5230, 'Derby (unitary authority)', 125, 4, 'GB-DER'),
(5231, 'Denbighshire', 125, 4, 'GB-DEN'),
(5232, 'Derbyshire (county)', 125, 4, 'GB-DBY'),
(5233, 'Darlington (unitary authority)', 125, 4, 'GB-DAL'),
(5234, 'Conwy', 125, 4, 'GB-CWY'),
(5235, 'Castlereagh', 125, 4, 'GB-CSR'),
(5236, 'Croydon (London borough)', 125, 4, 'GB-CRY'),
(5237, 'Cardiff', 125, 4, 'GB-CRF'),
(5238, 'Coventry (West Midlands district)', 125, 4, 'GB-COV'),
(5239, 'Cornwall (county)', 125, 4, 'GB-CON'),
(5240, 'Carmarthenshire', 125, 4, 'GB-CMN'),
(5241, 'Camden (London borough)', 125, 4, 'GB-CMD'),
(5242, 'Cumbria (county)', 125, 4, 'GB-CMA'),
(5243, 'Coleraine', 125, 4, 'GB-CLR'),
(5244, 'Clackmannanshire', 125, 4, 'GB-C58'),
(5245, 'Calderdale (West Yorkshire district)', 125, 4, 'GB-CLD'),
(5246, 'Cookstown', 125, 4, 'GB-CKT'),
(5247, 'Carrickfergus', 125, 4, 'GB-CKF'),
(5248, 'Cheshire (county)', 125, 4, 'GB-CHS'),
(5249, 'Craigavon', 125, 4, 'GB-CGV'),
(5250, 'Ceredigion', 125, 4, 'GB-CGN'),
(5251, 'Caerphilly', 125, 4, 'GB-CAY'),
(5252, 'Cambridgeshire (county)', 125, 4, 'GB-CAM'),
(5253, 'Bury (Greater Manchester district)', 125, 4, 'GB-BUR'),
(5254, 'Bristol', 125, 4, 'GB-BST'),
(5255, 'Bromley (London borough)', 125, 4, 'GB-BRY'),
(5256, 'Bradford (West Yorkshire district)', 125, 4, 'GB-BRD'),
(5257, 'Bracknell Forest (unitary authority)}', 125, 4, 'GB-BRC'),
(5258, 'Blackpool (unitary authority)', 125, 4, 'GB-BPL'),
(5259, 'Bolton (Greater Manchester district)', 125, 4, 'GB-BOL'),
(5260, 'Barnsley (South Yorkshire district)', 125, 4, 'GB-BNS'),
(5261, 'Brighton and Hove (unitary authority)', 125, 4, 'GB-BNH'),
(5262, 'Barnet (London borough)', 125, 4, 'GB-BNE'),
(5263, 'Banbridge', 125, 4, 'GB-BNB'),
(5264, 'Bournemouth (unitary authority)', 125, 4, 'GB-B46'),
(5265, 'Lincolnshire (county)', 125, 4, 'GB-L40'),
(5266, 'Lewisham (London borough)', 125, 4, 'GB-LEW'),
(5267, 'Leicestershire (county)', 125, 4, 'GB-LEC'),
(5268, 'Leeds (West Yorkshire district)', 125, 4, 'GB-LDS'),
(5269, 'Leicester (unitary authority)', 125, 4, 'GB-LCE'),
(5270, 'Lambeth (London borough)', 125, 4, 'GB-LBH'),
(5271, 'Lancashire (county)', 125, 4, 'GB-LAN'),
(5272, 'Knowsley (Merseyside district)', 125, 4, 'GB-KWL'),
(5273, 'Kingston upon Thames (London borough)', 125, 4, 'GB-KTT'),
(5274, 'Kirklees (West Yorkshire district)', 125, 4, 'GB-KIR'),
(5275, 'Kingston upon Hull', 125, 4, 'GB-KHL'),
(5276, 'Kent (county)', 125, 4, 'GB-KEN'),
(5277, 'Kensington and Chelsea (London borough)', 125, 4, 'GB-KEC'),
(5278, 'Jersey', 125, 4, 'GB-JSY'),
(5279, 'Inverclyde', 125, 4, 'GB-IVC'),
(5280, 'Islington (London borough)', 125, 4, 'GB-ISL'),
(5281, 'Isle of Wight (unitary authority)', 125, 4, 'GB-IOW'),
(5282, 'Isles of Scilly (unitary authority)', 125, 4, 'GB-IOS'),
(5283, 'Haringey (London borough)', 125, 4, 'GB-HRY'),
(5284, 'Harrow (London borough)', 125, 4, 'GB-HRW'),
(5285, 'Hertfordshire (county)', 125, 4, 'GB-HRT'),
(5286, 'Hartlepool (unitary authority)', 125, 4, 'GB-HPL'),
(5287, 'Hounslow (London borough)', 125, 4, 'GB-HNS'),
(5288, 'Hammersmith and Fulham (London borough)', 125, 4, 'GB-HMF'),
(5289, 'Highland', 125, 4, 'GB-HLD'),
(5290, 'Hillingdon (London borough)', 125, 4, 'GB-HIL'),
(5291, 'Herefordshire', 125, 4, 'GB-HEF'),
(5292, 'Hackney (London borough)', 125, 4, 'GB-HCK'),
(5293, 'Havering (London borough)', 125, 4, 'GB-HAV'),
(5294, 'Hampshire (county)', 125, 4, 'GB-HAM'),
(5295, 'Halton (unitary authority)', 125, 4, 'GB-HAL'),
(5296, 'Gwynedd', 125, 4, 'GB-GWN'),
(5297, 'Guernsey', 125, 4, 'GB-GSY'),
(5298, 'Greenwich (London borough)', 125, 4, 'GB-GRE'),
(5299, 'Gloucestershire (county)', 125, 4, 'GB-GLS'),
(5300, 'Glasgow', 125, 4, 'GB-GLG'),
(5301, 'Gateshead (Tyne AND Wear district)', 125, 4, 'GB-GAT'),
(5302, 'Flintshire', 125, 4, 'GB-FLN'),
(5303, 'Fife', 125, 4, 'GB-FIF'),
(5304, 'Fermanagh', 125, 4, 'GB-FER'),
(5305, 'Falkirk', 125, 4, 'GB-FAL'),
(5306, 'East Sussex (county)', 125, 4, 'GB-ESX'),
(5307, 'Essex (county)', 125, 4, 'GB-ESS'),
(5308, 'East Riding of Yorkshire (unitary authority)', 125, 4, 'GB-ERY'),
(5309, 'East Renfrewshire', 125, 4, 'GB-ERW'),
(5310, 'Enfield (London borough)', 125, 4, 'GB-ENF'),
(5311, 'Shetland Island', 125, 4, 'GB-ZET'),
(5312, 'York (unitary authority)', 125, 4, 'GB-YOR'),
(5313, 'West Sussex (county)', 125, 4, 'GB-WSX'),
(5314, 'Westminster (London borough)', 125, 4, 'GB-WSM'),
(5315, 'Wrexham', 125, 4, 'GB-WRX'),
(5316, 'Warrington (unitary authority)', 125, 4, 'GB-WRT'),
(5317, 'Wirral (Merseyside district)', 125, 4, 'GB-WRL'),
(5318, 'Worcestershire (county)', 125, 4, 'GB-WOR'),
(5319, 'Wokingham (unitary authority)', 125, 4, 'GB-WOK'),
(5320, 'Windsor and Maidenhead (unitary authority)', 125, 4, 'GB-WNM'),
(5321, 'Wandsworth (London borough)', 125, 4, 'GB-WND'),
(5322, 'Wolverhampton (West Midlands district)', 125, 4, 'GB-WLV'),
(5323, 'West Lothian', 125, 4, 'GB-WLN'),
(5324, 'Walsall (West Midlands district)', 125, 4, 'GB-WLL'),
(5325, 'Wakefield (West Yorkshire district)', 125, 4, 'GB-WKF'),
(5326, 'Wiltshire (county)', 125, 4, 'GB-WIL'),
(5327, 'Wigan (Greater Manchester district)', 125, 4, 'GB-WGN'),
(5328, 'Waltham Forest (London borough)', 125, 4, 'GB-WFT'),
(5329, 'West Dunbartonshire', 125, 4, 'GB-WDU'),
(5330, 'West Berkshire (unitary authority)', 125, 4, 'GB-WBK'),
(5331, 'Warwickshire (county)', 125, 4, 'GB-WAR'),
(5332, 'Vale of Glamorgan', 125, 4, 'GB-VGL'),
(5333, 'Tower Hamlets (London borough)', 125, 4, 'GB-TWH'),
(5334, 'Trafford (Greater Manchester district)', 125, 4, 'GB-TRF'),
(5335, 'Torfaen', 125, 4, 'GB-TOF'),
(5336, 'Torbay (unitary authority)', 125, 4, 'GB-TOB'),
(5337, 'Thurrock (unitary authority)', 125, 4, 'GB-THR'),
(5338, 'Telford and Wrekin (unitary authority)', 125, 4, 'GB-TFW'),
(5339, 'Tameside (Greater Manchester district)', 125, 4, 'GB-TAM'),
(5340, 'Southwark (London borough)', 125, 4, 'GB-SWK'),
(5341, 'Swindon (unitary authority)', 125, 4, 'GB-SWD'),
(5342, 'Swansea', 125, 4, 'GB-SWA'),
(5343, 'South Tyneside (Tyne AND Wear district)', 125, 4, 'GB-STY'),
(5344, 'Stockton-on-Tees (unitary authority)', 125, 4, 'GB-STT'),
(5345, 'Staffordshire (county)', 125, 4, 'GB-STS'),
(5346, 'Sutton (London borough)', 125, 4, 'GB-STN'),
(5347, 'Southampton (unitary authority)', 125, 4, 'GB-SOH'),
(5348, 'Stirling', 125, 4, 'GB-STG'),
(5349, 'Stoke-on-Trent (unitary authority)', 125, 4, 'GB-STE'),
(5350, 'Ballymoney', 125, 4, 'GB-BLY'),
(5351, 'Ballymena', 125, 4, 'GB-BLM'),
(5352, 'Buckinghamshire (county)', 125, 4, 'GB-BKM'),
(5353, 'Birmingham (West Midlands district)', 125, 4, 'GB-BIR'),
(5354, 'Blaenau Gwent', 125, 4, 'GB-BGW'),
(5355, 'Bridgend', 125, 4, 'GB-BGE'),
(5356, 'Belfast', 125, 4, 'GB-BFS'),
(5357, 'Bexley (London borough)', 125, 4, 'GB-BEX'),
(5358, 'Brent (London borough)', 125, 4, 'GB-BEN'),
(5359, 'Barking and Dagenham (London borough)', 125, 4, 'GB-BDG'),
(5360, 'Bedfordshire (county)', 125, 4, 'GB-BDF'),
(5361, 'Blackburn with Darwen (unitary authority)', 125, 4, 'GB-BBD'),
(5362, 'Bath and North East Somerset (unitary authority)', 125, 4, 'GB-BAS'),
(5363, 'Armagh', 125, 4, 'GB-ARM'),
(5364, 'Ards Borough Council', 125, 4, 'GB-ARD'),
(5365, 'County Antrim', 125, 4, 'GB-ANT'),
(5366, 'Angus Council Area', 125, 4, 'GB-ANS'),
(5367, 'Isle of Anglesey', 125, 4, 'GB-AGY'),
(5368, 'Argyll and Bute Council Area', 125, 4, 'GB-AGB'),
(5369, 'Aberdeen', 125, 4, 'GB-ABE'),
(5370, 'Aberdeenshire Council Area', 125, 4, 'GB-ABD'),
(5371, 'Ta\'izz', 126, 4, 'YE-TA'),
(5372, 'Sanaá', 126, 4, 'YE-SN'),
(5373, 'Shabwah', 126, 4, 'YE-SH'),
(5374, 'Sa\'dah', 126, 4, 'YE-SD'),
(5375, 'Al Mahwit', 126, 4, 'YE-MW'),
(5376, 'Al Mahrah', 126, 4, 'YE-MR'),
(5377, 'Ma\'rib', 126, 4, 'YE-MA'),
(5378, 'Lahij', 126, 4, 'YE-LA'),
(5379, 'Al Jawf', 126, 4, 'YE-JA'),
(5380, 'Ibb', 126, 4, 'YE-IB'),
(5381, 'Al Hudaydah', 126, 4, 'YE-HU'),
(5382, 'Hajjah', 126, 4, 'YE-HJ'),
(5383, 'Hadramawt', 126, 4, 'YE-HD'),
(5384, 'Dhamar', 126, 4, 'YE-DH'),
(5385, 'Ad Dali', 126, 4, 'YE-DA'),
(5386, 'Al Bayda', 126, 4, 'YE-BA'),
(5387, 'Amran', 126, 4, 'YE-AM'),
(5388, 'Adan', 126, 4, 'YE-AD'),
(5389, 'Abyan', 126, 4, 'YE-AB'),
(5390, 'Copperbelt', 127, 4, 'ZM-08'),
(5391, 'Western', 127, 4, 'ZM-01'),
(5392, 'Southern', 127, 4, 'ZM-07'),
(5393, 'North-Western', 127, 4, 'ZM-06'),
(5394, 'Northern', 127, 4, 'ZM-05'),
(5395, 'Lusaka', 127, 4, 'ZM-09'),
(5396, 'Luapula', 127, 4, 'ZM-04'),
(5397, 'Eastern', 127, 4, 'ZM-03'),
(5398, 'Central', 127, 4, 'ZM-02'),
(5399, 'Chaco', 128, 3, 'AR-H'),
(5400, 'Santiago del Estero', 128, 3, 'AR-G'),
(5401, 'La Rioja', 128, 3, 'AR-F'),
(5402, 'Entre Ríos', 128, 3, 'AR-E'),
(5403, 'San Luis', 128, 3, 'AR-D'),
(5404, 'Capital federal', 128, 3, 'AR-C'),
(5405, 'Buenos Aires', 128, 3, 'AR-B'),
(5406, 'Salta', 128, 3, 'AR-A'),
(5407, 'Santa Cruz', 128, 3, 'AR-Z'),
(5408, 'Jujuy', 128, 3, 'AR-Y'),
(5409, 'Cordoba Córdoba', 128, 3, 'AR-X'),
(5410, 'Corrientes', 128, 3, 'AR-W'),
(5411, 'ierra del Fuego', 128, 3, 'AR-V'),
(5412, 'Chubut', 128, 3, 'AR-U'),
(5413, 'Tucumán', 128, 3, 'AR-T'),
(5414, 'Santa Fe', 128, 3, 'AR-S'),
(5415, 'Río Negro', 128, 3, 'AR-R'),
(5416, 'Neuquén', 128, 3, 'AR-Q'),
(5417, 'Formosa', 128, 3, 'AR-P'),
(5418, 'Misiones', 128, 3, 'AR-N'),
(5419, 'Mendoza', 128, 3, 'AR-M'),
(5420, 'La Pampa', 128, 3, 'AR-L'),
(5421, 'Catamarca', 128, 3, 'AR-K'),
(5422, 'San Juan', 128, 3, 'AR-J'),
(5423, 'Aruba', 129, 3, 'AW'),
(5424, 'Toledo', 130, 3, 'BZ-TOL'),
(5425, 'Stann Creek', 130, 3, 'BZ-SC'),
(5426, 'Orange Walk', 130, 3, 'BZ-OW'),
(5427, 'Corozal', 130, 3, 'BZ-CZL'),
(5428, 'Cayo', 130, 3, 'BZ-CY'),
(5429, 'Belize', 130, 3, 'BZ-BZ'),
(5430, 'Torijo', 131, 3, 'BO-T'),
(5431, 'Santa Cruz', 131, 3, 'BO-S'),
(5432, 'Potosi', 131, 3, 'BO-P'),
(5433, 'Oruro', 131, 3, 'BO-O'),
(5434, 'Pando', 131, 3, 'BO-N'),
(5435, 'La Paz', 131, 3, 'BO-L'),
(5436, 'Chuquisaca', 131, 3, 'BO-H'),
(5437, 'Cochabamba', 131, 3, 'BO-C'),
(5438, 'Beni', 131, 3, 'BO-B'),
(5439, 'Tocantins', 132, 3, 'BR-TO'),
(5440, 'São Paulo', 132, 3, 'BR-SP'),
(5441, 'Sergipe', 132, 3, 'BR-SE'),
(5442, 'Santa Catarina', 132, 3, 'BR-SC'),
(5443, 'Rio Grande do Sul', 132, 3, 'BR-RS'),
(5444, 'Roraima', 132, 3, 'BR-RR'),
(5445, 'Rondônia', 132, 3, 'BR-RO'),
(5446, 'Rio Grande do Norte', 132, 3, 'BR-RN'),
(5447, 'Rio de Janeiro', 132, 3, 'BR-RJ'),
(5448, 'Paraná', 132, 3, 'BR-PR'),
(5449, 'Piauí', 132, 3, 'BR-PI'),
(5450, 'Pernambuco', 132, 3, 'BR-PE'),
(5451, 'Paraíba', 132, 3, 'BR-PB'),
(5452, 'Pará', 132, 3, 'BR-PA'),
(5453, 'Mato Grosso', 132, 3, 'BR-MT'),
(5454, 'Mato Grosso do Sul', 132, 3, 'BR-MS'),
(5455, 'Minas Gerais', 132, 3, 'BR-MG'),
(5456, 'Maranhão', 132, 3, 'BR-MA'),
(5457, 'Goiás', 132, 3, 'BR-GO'),
(5458, 'Espírito Santo', 132, 3, 'BR-ES'),
(5459, 'Distrito Federal', 132, 3, 'BR-DF'),
(5460, 'Ceará', 132, 3, 'BR-CE'),
(5461, 'Bahia', 132, 3, 'BR-BA'),
(5462, 'Amapá', 132, 3, 'BR-AP'),
(5463, 'Amazonas', 132, 3, 'BR-AM'),
(5464, 'Alagoas', 132, 3, 'BR-AL'),
(5465, 'Acre', 132, 3, 'BR-AC'),
(5466, 'Valparaíso', 133, 3, 'CL-VS'),
(5467, 'Tarapacá', 133, 3, 'CL-TA'),
(5468, 'Región Metropolitana de Santiago', 133, 3, 'CL-RM'),
(5469, 'Maule', 133, 3, 'CL-ML'),
(5470, 'Magallanes', 133, 3, 'CL-MA'),
(5471, 'Los Lagos', 133, 3, 'CL-LL'),
(5472, 'Libertador General Bernardo O\'Higgins', 133, 3, 'CL-LI'),
(5473, 'Coquimbo', 133, 3, 'CL-CO'),
(5474, 'Bío-Bío', 133, 3, 'CL-BI'),
(5475, 'Atacama', 133, 3, 'CL-AT'),
(5476, 'Araucanía', 133, 3, 'CL-AR'),
(5477, 'Antofagasta', 133, 3, 'CL-AN'),
(5478, 'Aisén del General Carlos Ibañez del Campo', 133, 3, 'CL-AI'),
(5479, 'Casanare', 134, 3, 'CO-CAS'),
(5480, 'Caquetá', 134, 3, 'CO-CAQ'),
(5481, 'Caldas', 134, 3, 'CO-CAL'),
(5482, 'Boyacá', 134, 3, 'CO-BOY'),
(5483, 'Bolívar', 134, 3, 'CO-BOL'),
(5484, 'Atlántico', 134, 3, 'CO-A37'),
(5485, 'Arauca', 134, 3, 'CO-ARA'),
(5486, 'Antioquia', 134, 3, 'CO-ANT'),
(5487, 'Amazonas', 134, 3, 'CO-AMA'),
(5488, 'Vichada', 134, 3, 'CO-V41'),
(5489, 'Vaupés', 134, 3, 'CO-VAU'),
(5490, 'Valle del Cauca', 134, 3, 'CO-VAC'),
(5491, 'Tolima', 134, 3, 'CO-TOL'),
(5492, 'Sucre', 134, 3, 'CO-SUC'),
(5493, 'Van Andrés', 134, 3, 'CO-SAD'),
(5494, 'Santander', 134, 3, 'CO-SAN'),
(5495, 'Risaralda', 134, 3, 'CO-RIS'),
(5496, 'Quindío', 134, 3, 'CO-QUI'),
(5497, 'Putumayo', 134, 3, 'CO-PUT'),
(5498, 'Norte de Santander', 134, 3, 'CO-NSA'),
(5499, 'Nariño', 134, 3, 'CO-NAR'),
(5500, 'Meta', 134, 3, 'CO-MET'),
(5501, 'Magdalena', 134, 3, 'CO-MAG'),
(5502, 'La Guajira', 134, 3, 'CO-LAG'),
(5503, 'Huila', 134, 3, 'CO-HUI'),
(5504, 'Guaviare', 134, 3, 'CO-GUV'),
(5505, 'Guainía', 134, 3, 'CO-GUA'),
(5506, 'Distrito Capital de Bogotá', 134, 3, 'CO-DC'),
(5507, 'Cundinamarca', 134, 3, 'CO-CUN'),
(5508, 'Cordoba Córdoba', 134, 3, 'CO-COR'),
(5509, 'Chocó', 134, 3, 'CO-CHO'),
(5510, 'Cesar', 134, 3, 'CO-CES'),
(5511, 'Cauca', 134, 3, 'CO-CAU'),
(5512, 'San Jose', 135, 3, 'CR-SA'),
(5513, 'Puntarenas', 135, 3, 'CR-PU'),
(5514, 'Limón', 135, 3, 'CR-LI'),
(5515, 'Heredia', 135, 3, 'CR-HE'),
(5516, 'Guanacaste', 135, 3, 'CR-GU'),
(5517, 'Cartago', 135, 3, 'CR-CA'),
(5518, 'Alajuela', 135, 3, 'CR-AL'),
(5519, 'Isla de la Juventud', 136, 3, 'CU-99'),
(5520, 'Guantánamo', 136, 3, 'CU-14'),
(5521, 'Santiago de Cuba', 136, 3, 'CU-13'),
(5522, 'Granma', 136, 3, 'CU-12'),
(5523, 'Holguín', 136, 3, 'CU-11'),
(5524, 'Las Tunas', 136, 3, 'CU-10'),
(5525, 'Camagüey', 136, 3, 'CU-09'),
(5526, 'Ciego de Ávila', 136, 3, 'CU-08'),
(5527, 'Sancti Spíritus', 136, 3, 'CU-07'),
(5528, 'Cienfuegos', 136, 3, 'CU-06'),
(5529, 'Villa Clara', 136, 3, 'CU-05'),
(5530, 'Matanzas', 136, 3, 'CU-04'),
(5531, 'Ciudad de La Habana', 136, 3, 'CU-03'),
(5532, 'La Habana', 136, 3, 'CU-02'),
(5533, 'Pinar del Río', 136, 3, 'CU-01'),
(5534, 'Valverde', 137, 3, 'DO-27'),
(5535, 'Santiago Rodríguez', 137, 3, 'DO-26'),
(5536, 'Santiago', 137, 3, 'DO-2'),
(5537, 'Sanchez Ramirez Sánchez Ramírez', 137, 3, 'DO-24'),
(5538, 'San Pedro de Macorís', 137, 3, 'DO-23'),
(5539, 'San Juan', 137, 3, 'DO-22'),
(5540, 'San Cristóbal', 137, 3, 'DO-21'),
(5541, 'Samaná', 137, 3, 'DO-20'),
(5542, 'Salcedo', 137, 3, 'DO-19'),
(5543, 'Puerto Plata', 137, 3, 'DO-18'),
(5544, 'Peravia', 137, 3, 'DO-17'),
(5545, 'Pedernales', 137, 3, 'DO-16'),
(5546, 'Monte Cristi', 137, 3, 'DO-15'),
(5547, 'María Trinidad Sánchez', 137, 3, 'DO-14'),
(5548, 'La Vega', 137, 3, 'DO-13'),
(5549, 'La Romana', 137, 3, 'DO-12'),
(5550, 'La Altagracia', 137, 3, 'DO-11'),
(5551, 'Independencia', 137, 3, 'DO-10'),
(5552, 'Espaillat', 137, 3, 'DO-09'),
(5553, 'El Seybo (El Seibo)', 137, 3, 'DO-08'),
(5554, 'La Estrelleta (Elías Piña)', 137, 3, 'DO-07'),
(5555, 'Duarte', 137, 3, 'DO-06'),
(5556, 'Dajabón', 137, 3, 'DO-05'),
(5557, 'Barahona', 137, 3, 'DO-04'),
(5558, 'Bahoruco', 137, 3, 'DO-03'),
(5559, 'Azua', 137, 3, 'DO-02'),
(5560, 'Distrito Nacional (Santo Domingo)', 137, 3, 'DO-01'),
(5561, 'Santo Domingo', 137, 3, 'DO-32'),
(5562, 'San José de Ocoa', 137, 3, 'DO-31'),
(5563, 'Hato Mayor', 137, 3, 'DO-30'),
(5564, 'Monte Plata', 137, 3, 'DO-29'),
(5565, 'Monseñor Nouel', 137, 3, 'DO-28'),
(5566, 'Zamora-Chinchipe', 138, 3, 'EC-Z'),
(5567, 'Pastaza', 138, 3, 'EC-Y'),
(5568, 'Cotopaxi', 138, 3, 'EC-X'),
(5569, 'Galápagos', 138, 3, 'EC-W'),
(5570, 'Sucumbíos', 138, 3, 'EC-U'),
(5571, 'Tungurahua', 138, 3, 'EC-T'),
(5572, 'Morona-Santiago', 138, 3, 'EC-S'),
(5573, 'Los Ríos', 138, 3, 'EC-R'),
(5574, 'Pichincha', 138, 3, 'EC-P'),
(5575, 'El Oro', 138, 3, 'EC-O'),
(5576, 'Napo', 138, 3, 'EC-N'),
(5577, 'Manabí', 138, 3, 'EC-M'),
(5578, 'Loja', 138, 3, 'EC-L'),
(5579, 'Imbabura', 138, 3, 'EC-I'),
(5580, 'Chimborazo', 138, 3, 'EC-H'),
(5581, 'Guayas', 138, 3, 'EC-G'),
(5582, 'Cañar', 138, 3, 'EC-F'),
(5583, 'Esmeraldas', 138, 3, 'EC-E'),
(5584, 'Orellana', 138, 3, 'EC-D'),
(5585, 'Carchi', 138, 3, 'EC-C'),
(5586, 'Bolívar', 138, 3, 'EC-B'),
(5587, 'Azuay', 138, 3, 'EC-A'),
(5588, 'Ahuachapán', 139, 3, 'SV-AH'),
(5589, 'Cabañas', 139, 3, 'SV-CA'),
(5590, 'Cuscatlán', 139, 3, 'SV-CU'),
(5591, 'Chalatenango', 139, 3, 'SV-CH'),
(5592, 'La Libertad', 139, 3, 'SV-LI'),
(5593, 'La Paz', 139, 3, 'SV-PA'),
(5594, 'La Unión', 139, 3, 'SV-UN'),
(5595, 'Morazán', 139, 3, 'SV-MO'),
(5596, 'San Miguel', 139, 3, 'SV-SM'),
(5597, 'San Salvador', 139, 3, 'SV-SS'),
(5598, 'Santa Ana', 139, 3, 'SV-SA'),
(5599, 'SanVicente', 139, 3, 'SV-SV'),
(5600, 'Sonsonate', 139, 3, 'SV-SO'),
(5601, 'Usulután', 139, 3, 'SV-US'),
(5602, 'French Guiana', 140, 3, 'GF'),
(5603, 'Quetzaltenango', 141, 3, 'GT-QZ'),
(5604, 'El Quiché', 141, 3, 'GT-QC'),
(5605, 'El Progreso', 141, 3, 'GT-PR'),
(5606, 'El Petén', 141, 3, 'GT-PE'),
(5607, 'Jutiapa', 141, 3, 'GT-JU'),
(5608, 'Jalapa', 141, 3, 'GT-JA'),
(5609, 'Izabal', 141, 3, 'GT-IZ'),
(5610, 'Huehuetenango', 141, 3, 'GT-HU'),
(5611, 'Guatemala', 141, 3, 'GT-GU'),
(5612, 'Zacapa', 141, 3, 'GT-ZA'),
(5613, 'Totonicapán', 141, 3, 'GT-TO'),
(5614, 'Suchitepéquez', 141, 3, 'GT-SU'),
(5615, 'Santa Rosa', 141, 3, 'GT-SR'),
(5616, 'Sololá', 141, 3, 'GT-SO'),
(5617, 'San Marcos', 141, 3, 'GT-SM'),
(5618, 'Sacatepéquez', 141, 3, 'GT-SA'),
(5619, 'Retalhuleu', 141, 3, 'GT-RE'),
(5620, 'Escuintla', 141, 3, 'GT-ES'),
(5621, 'Chiquimula', 141, 3, 'GT-CQ'),
(5622, 'Chimaltenango', 141, 3, 'GT-CM'),
(5623, 'Baja Verapaz', 141, 3, 'GT-BV'),
(5624, 'Alta Verapaz', 141, 3, 'GT-AV'),
(5625, 'Ouest', 142, 3, 'HT-OU'),
(5626, 'Nord-Ouest', 142, 3, 'HT-NO'),
(5627, 'Nord-Est', 142, 3, 'HT-NE'),
(5628, 'Nord', 142, 3, 'HT-ND'),
(5629, 'Nippes', 142, 3, 'HT-NI'),
(5630, 'Grande-Anse', 142, 3, 'HT-GA'),
(5631, 'Centre', 142, 3, 'HT-CE'),
(5632, 'Artibonite', 142, 3, 'HT-AR'),
(5633, 'Sud-Est', 142, 3, 'HT-SE'),
(5634, 'Sud', 142, 3, 'HT-SD'),
(5635, 'Atlántida', 143, 3, 'HN-AT'),
(5636, 'Colón', 143, 3, 'HN-CL'),
(5637, 'Comayagua', 143, 3, 'HN-CM'),
(5638, 'Copán', 143, 3, 'HN-CP'),
(5639, 'Cortés', 143, 3, 'HN-CR'),
(5640, 'Choluteca', 143, 3, 'HN-CH'),
(5641, 'El Paraíso', 143, 3, 'HN-EP'),
(5642, 'Francisco Morazán', 143, 3, 'HN-38'),
(5643, 'Gracias a Dios', 143, 3, 'HN-GD'),
(5644, 'Intibucá', 143, 3, 'HN-40'),
(5645, 'Islas de la Bahía', 143, 3, 'HN-IB'),
(5646, 'La Paz', 143, 3, 'HN-LP'),
(5647, 'Lempira', 143, 3, 'HN-LE'),
(5648, 'Ocotepeque', 143, 3, 'HN-OC'),
(5649, 'Olancho', 143, 3, 'HN-OL'),
(5650, 'Santa Bárbara', 143, 3, 'HN-56'),
(5651, 'Valle', 143, 3, 'HN-VA'),
(5652, 'Yoro', 143, 3, 'HN-YO'),
(5653, 'Portland', 144, 3, 'JM-04'),
(5654, 'Manchester', 144, 3, 'JM-12'),
(5655, 'Kingston', 144, 3, 'JM-01'),
(5656, 'Hanover', 144, 3, 'JM-09'),
(5657, 'Clarendon', 144, 3, 'JM-13'),
(5658, 'Westmoreland', 144, 3, 'JM-10'),
(5659, 'Trelawny', 144, 3, 'JM-07'),
(5660, 'Saint Thomas', 144, 3, 'JM-03'),
(5661, 'Saint Mary', 144, 3, 'JM-05'),
(5662, 'Saint James', 144, 3, 'JM-08'),
(5663, 'Saint Elizabeth', 144, 3, 'JM-11'),
(5664, 'Saint Catherine', 144, 3, 'JM-14'),
(5665, 'Saint Ann', 144, 3, 'JM-06'),
(5666, 'Saint Andrew', 144, 3, 'JM-02'),
(5667, 'Aguascalientes / Estado Libre y Soberano de Aguascalientes', 145, 3, 'MX-AGU'),
(5668, 'Zacatecas Estado / Libre y Soberano de Zacatecas', 145, 3, 'MX-ZAC'),
(5669, 'Yucatán Estado / Libre y Soberano de Yucatán', 145, 3, 'MX-YUC'),
(5670, 'Veracruz Estado / Libre y Soberano de Veracruz de Ignacio de la Llave', 145, 3, 'MX-VER'),
(5671, 'laxcala Estado / Libre y Soberano de Tlaxcala', 145, 3, 'MX-T3'),
(5672, 'Tamaulipas Estado / Libre y Soberano de Tamaulipas', 145, 3, 'MX-TAM'),
(5673, 'Tabasco Estado / Libre y Soberano de Tabasco', 145, 3, 'MX-TAB'),
(5674, 'Sonora Estado / Libre y Soberano de Sonora', 145, 3, 'MX-SON'),
(5675, 'San Luis Potosí Estado / Libre y Soberano de San Luis Potosí', 145, 3, 'MX-SLP'),
(5676, 'Sinaloa Estado / Libre y Soberano de Sinaloa', 145, 3, 'MX-S40'),
(5677, 'Quintana Roo Estado / Libre y Soberano de Quintana Roo', 145, 3, 'MX-ROO'),
(5678, 'Querétaro Estado / Libre y Soberano de Querétaro', 145, 3, 'MX-QUE'),
(5679, 'Puebla Estado / Libre y Soberano de Puebla', 145, 3, 'MX-PUE'),
(5680, 'Oaxaca Estado / Libre y Soberano de Oaxaca', 145, 3, 'MX-OAX'),
(5681, 'Nuevo León Estado / Libre y Soberano de Nuevo León', 145, 3, 'MX-NLE'),
(5682, 'Nayarit Estado / Libre y Soberano de Nayarit', 145, 3, 'MX-NAY'),
(5683, 'Morelos Estado / Libre y Soberano de Morelos', 145, 3, 'MX-MOR'),
(5684, 'Michoacán Estado / Libre y Soberano de Michoacán de Ocampo', 145, 3, 'MX-MIC'),
(5685, 'Mexico State Estado / Libre y Soberano de México', 145, 3, 'MX-MEX'),
(5686, 'Jalisco Estado / Libre y Soberano de Jalisco', 145, 3, 'MX-JAL'),
(5687, 'Hidalgo Estado / Libre y Soberano de Hidalgo', 145, 3, 'MX-H41'),
(5688, 'Guanajuato Estado / Libre y Soberano de Guanajuato', 145, 3, 'MX-GUA'),
(5689, 'Guerrero Estado / Libre y Soberano de Guerrero', 145, 3, 'MX-GRO'),
(5690, 'Durango Estado / Libre y Soberano de Durango', 145, 3, 'MX-DUR'),
(5691, 'Federal District / Distrito Federal', 145, 3, 'MX-DIF'),
(5692, 'Colima Estado / Libre y Soberano de Colima', 145, 3, 'MX-COL'),
(5693, 'Coahuila Estado / Libre y Soberano de Coahuila de Zaragoza', 145, 3, 'MX-COA'),
(5694, 'Chiapas Estado / Libre y Soberano de Chiapas', 145, 3, 'MX-CHP'),
(5695, 'Chihuahua Estado / Libre y Soberano de Chihuahua', 145, 3, 'MX-CHH'),
(5696, 'Campeche Estado / Libre y Soberano de Campeche', 145, 3, 'MX-CAM'),
(5697, 'Baja California / Sur Estado Libre y Soberano de Baja California Sur', 145, 3, 'MX-BCS'),
(5698, 'Baja California / Estado Libre y Soberano de Baja California', 145, 3, 'MX-B36'),
(5699, 'Rio San Juan', 146, 3, 'NI-SJ'),
(5700, 'Rivas', 146, 3, 'NI-RI'),
(5701, 'RAAS', 146, 3, 'NI-AS'),
(5702, 'RAAN', 146, 3, 'NI-AN'),
(5703, 'Bocas del Toro', 147, 3, 'PA-1'),
(5704, 'Veraguas', 147, 3, 'PA-9'),
(5705, 'Panamá', 147, 3, 'PA-8'),
(5706, 'Los Santos', 147, 3, 'PA-7'),
(5707, 'Herrera', 147, 3, 'PA-6'),
(5708, 'Darién', 147, 3, 'PA-5'),
(5709, 'Chiriquí', 147, 3, 'PA-4'),
(5710, 'Colón', 147, 3, 'PA-3');
INSERT INTO `ptbtstprov` (`id`, `PTBTStProvName`, `PTBTCountryId`, `PTBTRegionId`, `PTBTStProvCode`) VALUES
(5711, 'Coclé', 147, 3, 'PA-2'),
(5712, 'Comarca de San Blas', 147, 3, 'PA-0'),
(5713, 'Paraguarí', 148, 3, 'PY-9'),
(5714, 'Misiones', 148, 3, 'PY-8'),
(5715, 'Itapúa', 148, 3, 'PY-7'),
(5716, 'Caazapá', 148, 3, 'PY-6'),
(5717, 'Caaguazú', 148, 3, 'PY-5'),
(5718, 'Guairá', 148, 3, 'PY-4'),
(5719, 'Cordillera', 148, 3, 'PY-3'),
(5720, 'San Pedro', 148, 3, 'PY-2'),
(5721, 'Boquerón', 148, 3, 'PY-19'),
(5722, 'Alto Paraguay', 148, 3, 'PY-16'),
(5723, 'Presidente Hayes', 148, 3, 'PY-15'),
(5724, 'Canindeyú', 148, 3, 'PY-14'),
(5725, 'Amambay', 148, 3, 'PY-13'),
(5726, 'Ñeembucú', 148, 3, 'PY-12'),
(5727, 'Central', 148, 3, 'PY-11'),
(5728, 'Alto Parana', 148, 3, 'PY-10'),
(5729, 'Concepción', 148, 3, 'PY-1'),
(5730, 'Amazonas', 149, 3, 'PE-AMA'),
(5731, 'Moquegua', 149, 3, 'PE-MOQ'),
(5732, 'Madre de Dios', 149, 3, 'PE-MDD'),
(5733, 'Loreto', 149, 3, 'PE-LOR'),
(5734, 'Lima', 149, 3, 'PE-LIM'),
(5735, 'Lambayeque', 149, 3, 'PE-LAM'),
(5736, 'La Libertad', 149, 3, 'PE-LAL'),
(5737, 'Junín', 149, 3, 'PE-JUN'),
(5738, 'Ica', 149, 3, 'PE-ICA'),
(5739, 'Huancavelica', 149, 3, 'PE-HUV'),
(5740, 'San Martín', 149, 3, 'PE-SAM'),
(5741, 'Puno', 149, 3, 'PE-PUN'),
(5742, 'Piura', 149, 3, 'PE-PIU'),
(5743, 'Pasco', 149, 3, 'PE-PAS'),
(5744, 'Ucayali', 149, 3, 'PE-UCA'),
(5745, 'Tumbes', 149, 3, 'PE-TUM'),
(5746, 'Tacna', 149, 3, 'PE-TAC'),
(5747, 'Huánuco', 149, 3, 'PE-HUC'),
(5748, 'Cusco', 149, 3, 'PE-CUS'),
(5749, 'Callao', 149, 3, 'PE-CAL'),
(5750, 'Cajamarca', 149, 3, 'PE-CAJ'),
(5751, 'Ayacocho', 149, 3, 'PE-AYA'),
(5752, 'Arequipa', 149, 3, 'PE-ARE'),
(5753, 'Apurímac', 149, 3, 'PE-APU'),
(5754, 'Ancash', 149, 3, 'PE-ANC'),
(5755, 'Puerto Rico', 150, 3, 'PR'),
(5756, 'Saint Martin', 151, 3, 'MF'),
(5757, 'Treinta y Tres', 152, 3, 'UY-TT'),
(5758, 'Tacuarembó', 152, 3, 'UY-TA'),
(5759, 'Soriano', 152, 3, 'UY-SO'),
(5760, 'San José', 152, 3, 'UY-SJ'),
(5761, 'Salto', 152, 3, 'UY-SA'),
(5762, 'Rivera', 152, 3, 'UY-RV'),
(5763, 'Rocha', 152, 3, 'UY-RO'),
(5764, 'Río Negro', 152, 3, 'UY-RN'),
(5765, 'Paysandú', 152, 3, 'UY-PA'),
(5766, 'Montevideo', 152, 3, 'UY-MO'),
(5767, 'Maldonado', 152, 3, 'UY-MA'),
(5768, 'Lavalleja', 152, 3, 'UY-LA'),
(5769, 'Flores', 152, 3, 'UY-FS'),
(5770, 'Florida', 152, 3, 'UY-FD'),
(5771, 'Durazno', 152, 3, 'UY-DU'),
(5772, 'Colonia', 152, 3, 'UY-CO'),
(5773, 'Cerro Largo', 152, 3, 'UY-CL'),
(5774, 'Canelones', 152, 3, 'UY-CA'),
(5775, 'Artigas', 152, 3, 'UY-AR'),
(5776, 'Amazonas', 153, 3, 'VE-Z'),
(5777, 'Delta Amacuro', 153, 3, 'VE-Y'),
(5778, 'Vargas', 153, 3, 'VE-X'),
(5779, 'Zulia', 153, 3, 'VE-V'),
(5780, 'Yaracuy', 153, 3, 'VE-U'),
(5781, 'Trujillo', 153, 3, 'VE-T'),
(5782, 'Táchira', 153, 3, 'VE-S'),
(5783, 'TSucre', 153, 3, 'VE-R'),
(5784, 'Portuguesa', 153, 3, 'VE-P'),
(5785, 'Nueva Esparta', 153, 3, 'VE-O'),
(5786, 'Monagas', 153, 3, 'VE-N'),
(5787, 'Miranda', 153, 3, 'VE-M'),
(5788, 'Mérida', 153, 3, 'VE-L'),
(5789, 'Lara', 153, 3, 'VE-K'),
(5790, 'Guárico', 153, 3, 'VE-J'),
(5791, 'Falcón', 153, 3, 'VE-I'),
(5792, 'Cojedes', 153, 3, 'VE-H'),
(5793, 'Carabobo', 153, 3, 'VE-G'),
(5794, 'Bolivar', 153, 3, 'VE-F'),
(5795, 'Barinas', 153, 3, 'VE-E'),
(5796, 'Aragua', 153, 3, 'VE-D'),
(5797, 'Apure', 153, 3, 'VE-C'),
(5798, 'Anzoátegui', 153, 3, 'VE-B'),
(5799, 'Nova Scotia', 154, 1, 'NS'),
(5800, 'Alberta', 154, 1, 'AB'),
(5801, 'Saskatchewan', 154, 1, 'SK'),
(5802, 'Quebec', 154, 1, 'QC'),
(5803, 'Manitoba', 154, 1, 'MB'),
(5804, 'Newfoundland and Labrador', 154, 1, 'NL'),
(5805, 'New Brunswick', 154, 1, 'NB'),
(5806, 'British Columbia', 154, 1, 'BC'),
(5807, 'Prince Edward Island', 154, 1, 'PE'),
(5808, 'Ontario', 154, 1, 'ON'),
(5809, 'Arkansas', 155, 1, 'AR'),
(5810, 'Alabama', 155, 1, 'AL'),
(5811, 'Alaska', 155, 1, 'AK'),
(5812, 'South Dakota', 155, 1, 'SD'),
(5813, 'South Carolina', 155, 1, 'SC'),
(5814, 'Rhode Island', 155, 1, 'RI'),
(5815, 'Maine', 155, 1, 'ME'),
(5816, 'Maryland', 155, 1, 'MD'),
(5817, 'Massachusetts', 155, 1, 'MA'),
(5818, 'New Mexico', 155, 1, 'NM'),
(5819, 'Florida', 155, 1, 'FL'),
(5820, 'Delaware', 155, 1, 'DE'),
(5821, 'Connecticut', 155, 1, 'CT'),
(5822, 'Wyoming', 155, 1, 'WY'),
(5823, 'West Virginia', 155, 1, 'WV'),
(5824, 'Wisconsin', 155, 1, 'WI'),
(5825, 'Washington', 155, 1, 'US-WA'),
(5826, 'Vermont', 155, 1, 'VT'),
(5827, 'Colorado', 155, 1, 'CO'),
(5828, 'California', 155, 1, 'CA'),
(5829, 'Virginia', 155, 1, 'VA'),
(5830, 'New Jersey', 155, 1, 'NJ'),
(5831, 'New Hampshire', 155, 1, 'NH'),
(5832, 'Nebraska', 155, 1, 'NE'),
(5833, 'North Dakota', 155, 1, 'ND'),
(5834, 'North Carolina', 155, 1, 'NC'),
(5835, 'Kentucky', 155, 1, 'KY'),
(5836, 'Utah', 155, 1, 'UT'),
(5837, 'Texas', 155, 1, 'TX'),
(5838, 'Tennessee', 155, 1, 'TN'),
(5839, 'Arizona', 155, 1, 'AZ'),
(5840, 'Kansas', 155, 1, 'KS'),
(5841, 'Illinois', 155, 1, 'IL'),
(5842, 'Idaho', 155, 1, 'ID'),
(5843, 'Iowa', 155, 1, 'IA'),
(5844, 'Hawaii', 155, 1, 'HI'),
(5845, 'Georgia', 155, 1, 'GA'),
(5846, 'District of Columbia', 155, 1, 'DC'),
(5847, 'Montana', 155, 1, 'MT'),
(5848, 'Mississippi', 155, 1, 'MS'),
(5849, 'Missouri', 155, 1, 'MO'),
(5850, 'Minnesota', 155, 1, 'MN'),
(5851, 'Michigan', 155, 1, 'MI'),
(5852, 'Indiana', 155, 1, 'IN'),
(5853, 'Louisiana', 155, 1, 'LA'),
(5854, 'Ohio', 155, 1, 'OH'),
(5855, 'Oklahoma', 155, 1, 'OK'),
(5856, 'Pennsylvania', 155, 1, 'PA'),
(5857, 'Oregon', 155, 1, 'OR'),
(5858, 'Nevada', 155, 1, 'NV'),
(5859, 'New York', 155, 1, 'NY');

-- --------------------------------------------------------

--
-- Table structure for table `ptbtteam`
--

CREATE TABLE `ptbtteam` (
  `PTBTTeamId` int(11) NOT NULL,
  `PBTBTeamName` char(40) NOT NULL,
  `PTBTCoachId` int(11) NOT NULL,
  `PTBTTeamRank` int(11) DEFAULT NULL
) ENGINE=InnoDB DEFAULT CHARSET=latin1;

-- --------------------------------------------------------

--
-- Table structure for table `ptbtteamevaluation`
--

CREATE TABLE `ptbtteamevaluation` (
  `PTBTTeamEvalId` int(11) NOT NULL,
  `PTBTTeamEvalYear` year(4) NOT NULL,
  `PTBTTeamId` int(11) NOT NULL,
  `PTBTTeamQuarter` int(11) NOT NULL,
  `PTBTTeamWeek` int(11) NOT NULL,
  `PTBTTeamEvaluation` text NOT NULL,
  `PTBTTeamCoachId` int(11) DEFAULT NULL
) ENGINE=InnoDB DEFAULT CHARSET=latin1;

-- --------------------------------------------------------

--
-- Table structure for table `ptbtteamplayers`
--

CREATE TABLE `ptbtteamplayers` (
  `PTBTTeamPlayersId` int(11) NOT NULL,
  `PTBTUserId` int(11) NOT NULL,
  `PTBTTeamId` int(11) DEFAULT NULL
) ENGINE=InnoDB DEFAULT CHARSET=latin1;

-- --------------------------------------------------------

--
-- Table structure for table `ptbtuser`
--

CREATE TABLE `ptbtuser` (
  `PTBTUserId` int(11) NOT NULL,
  `PTBTFirstName` char(25) NOT NULL,
  `PTBTMiddleInit` char(1) DEFAULT NULL,
  `PTBTSurName` char(25) NOT NULL,
  `PTBTEmail` char(40) NOT NULL,
  `PTBTGender` char(1) NOT NULL,
  `PTBTUserRole` char(1) NOT NULL,
  `PTBTEventMonitor` char(1) DEFAULT NULL,
  `PTBTAge` int(11) NOT NULL,
  `PTBTAddress1` char(20) DEFAULT NULL,
  `PTBTAddress2` char(20) DEFAULT NULL,
  `PTBTAddressCity` char(20) DEFAULT NULL,
  `PTBTZip` char(20) DEFAULT NULL,
  `PTBTRegionId` int(11) DEFAULT NULL,
  `PTBTCountryId` int(11) DEFAULT NULL,
  `PTBTStProvId` int(11) DEFAULT NULL
) ENGINE=InnoDB DEFAULT CHARSET=latin1;

-- --------------------------------------------------------

--
-- Table structure for table `ptbtuserevaluation`
--

CREATE TABLE `ptbtuserevaluation` (
  `PTBTUserEvalId` int(11) NOT NULL,
  `PTBTUserId` int(11) DEFAULT NULL,
  `PTBTCoachId` int(11) NOT NULL,
  `PTBTUserEvalYear` year(4) NOT NULL,
  `PTBTQuarter` int(11) NOT NULL,
  `PTBTWeek` int(11) NOT NULL,
  `PTBTEvaluation` text NOT NULL
) ENGINE=InnoDB DEFAULT CHARSET=latin1;

-- --------------------------------------------------------

--
-- Table structure for table `ptbtvenue`
--

CREATE TABLE `ptbtvenue` (
  `PTBTVenueId` int(11) NOT NULL,
  `PTBTCityId` int(11) NOT NULL,
  `PTBTAddress` char(20) DEFAULT NULL,
  `PTBTZip` int(11) DEFAULT NULL,
  `PTBTLocationNote` text
) ENGINE=InnoDB DEFAULT CHARSET=latin1;

-- --------------------------------------------------------

--
-- Table structure for table `users`
--

CREATE TABLE `users` (
  `id` int(10) UNSIGNED NOT NULL,
  `name` varchar(255) COLLATE utf8mb4_unicode_ci NOT NULL,
  `email` varchar(255) COLLATE utf8mb4_unicode_ci NOT NULL,
  `password` varchar(255) COLLATE utf8mb4_unicode_ci NOT NULL,
  `remember_token` varchar(100) COLLATE utf8mb4_unicode_ci DEFAULT NULL,
  `created_at` timestamp NULL DEFAULT NULL,
  `updated_at` timestamp NULL DEFAULT NULL
) ENGINE=InnoDB DEFAULT CHARSET=utf8mb4 COLLATE=utf8mb4_unicode_ci;

--
-- Dumping data for table `users`
--

INSERT INTO `users` (`id`, `name`, `email`, `password`, `remember_token`, `created_at`, `updated_at`) VALUES
(1, 'name', 'gmail@gmail.com', '$2y$10$OVai35V8ZwHVwhMgG0H97.Ga60cx32qDedLClFaPqhy0XUqbkttOe', 'IFXY1gZTOctNCryesCJmfh1xJ6LkONLvn7cEIPK4f5Z8yxlD62ZFy6imxGGR', '2018-07-31 03:24:57', '2018-07-31 03:24:57'),
(2, 'Tobias A. Jayne', 'toby.jayne@gmail.com', '$2y$10$.k/NrTx3XXYQyqq3903lxuNoLa7KZLxMec9ZXm7ILOo2cuW8EZ/IO', '1lC1Ur7yqDGWiqR8yENi0GfJqR86lXSaaPDdgamLZSLb91NgkOrSaRbNQ3FC', '2018-08-14 21:56:21', '2018-08-14 21:56:21');

--
-- Indexes for dumped tables
--

--
-- Indexes for table `country_state_city`
--
ALTER TABLE `country_state_city`
  ADD PRIMARY KEY (`id`);

--
-- Indexes for table `migrations`
--
ALTER TABLE `migrations`
  ADD PRIMARY KEY (`id`);

--
-- Indexes for table `ptbtattendance`
--
ALTER TABLE `ptbtattendance`
  ADD PRIMARY KEY (`PTBTAttendanceId`),
  ADD KEY `PTBTEventAttendance` (`PTBTEventId`),
  ADD KEY `PTBTUserAttendance` (`PTBTUserId`);

--
-- Indexes for table `ptbtcity`
--
ALTER TABLE `ptbtcity`
  ADD PRIMARY KEY (`id`),
  ADD KEY `IX_Relationship59` (`PTBTStProvId`),
  ADD KEY `PTBTCityRegion` (`PTBTRegionId`),
  ADD KEY `PTBTCityCountry` (`PTBTCountryId`);

--
-- Indexes for table `ptbtcountry`
--
ALTER TABLE `ptbtcountry`
  ADD PRIMARY KEY (`id`),
  ADD KEY `PTBTRegionCountry` (`PTBTRegionId`);

--
-- Indexes for table `ptbtevents`
--
ALTER TABLE `ptbtevents`
  ADD PRIMARY KEY (`PTBTEventId`),
  ADD KEY `PTBTEventTeam1` (`PTBTHomeTeamId`),
  ADD KEY `PTBTEventTeam2` (`PTBTAwayTeamId`),
  ADD KEY `PTBTWinningTeam` (`PTBTWinningTeamId`),
  ADD KEY `PTBTLosingTeam` (`PTBTLosingTeam`);

--
-- Indexes for table `ptbtproduct`
--
ALTER TABLE `ptbtproduct`
  ADD PRIMARY KEY (`id`),
  ADD KEY `PTBTProd_Category` (`prod_cat_id`);

--
-- Indexes for table `ptbtprod_cat`
--
ALTER TABLE `ptbtprod_cat`
  ADD PRIMARY KEY (`id`);

--
-- Indexes for table `ptbtregion`
--
ALTER TABLE `ptbtregion`
  ADD PRIMARY KEY (`id`),
  ADD UNIQUE KEY `Index1` (`PTBTRegionCode`);

--
-- Indexes for table `ptbtstprov`
--
ALTER TABLE `ptbtstprov`
  ADD PRIMARY KEY (`id`),
  ADD UNIQUE KEY `PTBTStProvCode` (`PTBTStProvCode`),
  ADD KEY `PTBTCountryStProv` (`PTBTCountryId`),
  ADD KEY `PTBTRegionStProv` (`PTBTRegionId`);

--
-- Indexes for table `ptbtteam`
--
ALTER TABLE `ptbtteam`
  ADD PRIMARY KEY (`PTBTTeamId`);

--
-- Indexes for table `ptbtteamevaluation`
--
ALTER TABLE `ptbtteamevaluation`
  ADD PRIMARY KEY (`PTBTTeamEvalId`),
  ADD KEY `PTBTTeamEvalId` (`PTBTTeamId`),
  ADD KEY `PTBTTeamEvalCoachId` (`PTBTTeamCoachId`);

--
-- Indexes for table `ptbtteamplayers`
--
ALTER TABLE `ptbtteamplayers`
  ADD PRIMARY KEY (`PTBTTeamPlayersId`),
  ADD KEY `PTBTTeamPlayerUserId` (`PTBTUserId`),
  ADD KEY `PTBTTeamPlayerTeamId` (`PTBTTeamId`);

--
-- Indexes for table `ptbtuser`
--
ALTER TABLE `ptbtuser`
  ADD PRIMARY KEY (`PTBTUserId`),
  ADD UNIQUE KEY `PTBTUserIndex` (`PTBTUserId`),
  ADD KEY `PTBTRegionUser` (`PTBTRegionId`),
  ADD KEY `PTBTCountryUser` (`PTBTCountryId`),
  ADD KEY `PTBTStProvUser` (`PTBTStProvId`);

--
-- Indexes for table `ptbtuserevaluation`
--
ALTER TABLE `ptbtuserevaluation`
  ADD PRIMARY KEY (`PTBTUserEvalId`),
  ADD KEY `PTBTUserEvalUserId` (`PTBTUserId`),
  ADD KEY `PTBTUserEvalCoachId` (`PTBTCoachId`);

--
-- Indexes for table `ptbtvenue`
--
ALTER TABLE `ptbtvenue`
  ADD PRIMARY KEY (`PTBTVenueId`),
  ADD KEY `IX_Relationship60` (`PTBTCityId`);

--
-- Indexes for table `users`
--
ALTER TABLE `users`
  ADD PRIMARY KEY (`id`);

--
-- AUTO_INCREMENT for dumped tables
--

--
-- AUTO_INCREMENT for table `country_state_city`
--
ALTER TABLE `country_state_city`
  MODIFY `id` int(11) NOT NULL AUTO_INCREMENT, AUTO_INCREMENT=6;

--
-- AUTO_INCREMENT for table `migrations`
--
ALTER TABLE `migrations`
  MODIFY `id` int(10) UNSIGNED NOT NULL AUTO_INCREMENT;

--
-- AUTO_INCREMENT for table `ptbtcity`
--
ALTER TABLE `ptbtcity`
  MODIFY `id` int(11) UNSIGNED NOT NULL AUTO_INCREMENT, AUTO_INCREMENT=27;

--
-- AUTO_INCREMENT for table `ptbtcountry`
--
ALTER TABLE `ptbtcountry`
  MODIFY `id` int(11) UNSIGNED NOT NULL AUTO_INCREMENT, AUTO_INCREMENT=156;

--
-- AUTO_INCREMENT for table `ptbtproduct`
--
ALTER TABLE `ptbtproduct`
  MODIFY `id` int(11) NOT NULL AUTO_INCREMENT, AUTO_INCREMENT=4;

--
-- AUTO_INCREMENT for table `ptbtprod_cat`
--
ALTER TABLE `ptbtprod_cat`
  MODIFY `id` int(11) NOT NULL AUTO_INCREMENT, AUTO_INCREMENT=5;

--
-- AUTO_INCREMENT for table `ptbtregion`
--
ALTER TABLE `ptbtregion`
  MODIFY `id` int(11) UNSIGNED NOT NULL AUTO_INCREMENT, AUTO_INCREMENT=6;

--
-- AUTO_INCREMENT for table `ptbtstprov`
--
ALTER TABLE `ptbtstprov`
  MODIFY `id` int(11) UNSIGNED NOT NULL AUTO_INCREMENT, AUTO_INCREMENT=5860;

--
-- AUTO_INCREMENT for table `users`
--
ALTER TABLE `users`
  MODIFY `id` int(10) UNSIGNED NOT NULL AUTO_INCREMENT, AUTO_INCREMENT=3;

--
-- Constraints for dumped tables
--

--
-- Constraints for table `ptbtcity`
--
ALTER TABLE `ptbtcity`
  ADD CONSTRAINT `PTBTCityCountry` FOREIGN KEY (`PTBTCountryId`) REFERENCES `ptbtcountry` (`id`),
  ADD CONSTRAINT `PTBTCityRegion` FOREIGN KEY (`PTBTRegionId`) REFERENCES `ptbtregion` (`id`),
  ADD CONSTRAINT `PTBTCityStProv` FOREIGN KEY (`PTBTStProvId`) REFERENCES `ptbtstprov` (`id`);

--
-- Constraints for table `ptbtcountry`
--
ALTER TABLE `ptbtcountry`
  ADD CONSTRAINT `PTBTRegionCountry` FOREIGN KEY (`PTBTRegionId`) REFERENCES `ptbtregion` (`id`);

--
-- Constraints for table `ptbtproduct`
--
ALTER TABLE `ptbtproduct`
  ADD CONSTRAINT `PTBTProd_Category` FOREIGN KEY (`prod_cat_id`) REFERENCES `ptbtprod_cat` (`id`);

--
-- Constraints for table `ptbtstprov`
--
ALTER TABLE `ptbtstprov`
  ADD CONSTRAINT `PTBTStProvCountry` FOREIGN KEY (`PTBTCountryId`) REFERENCES `ptbtcountry` (`id`),
  ADD CONSTRAINT `PTBTStProvRegion` FOREIGN KEY (`PTBTRegionId`) REFERENCES `ptbtregion` (`id`);

--
-- Constraints for table `ptbtteamevaluation`
--
ALTER TABLE `ptbtteamevaluation`
  ADD CONSTRAINT `PTBTTeamEval` FOREIGN KEY (`PTBTTeamId`) REFERENCES `ptbtteam` (`PTBTTeamId`);

--
-- Constraints for table `ptbtuserevaluation`
--
ALTER TABLE `ptbtuserevaluation`
  ADD CONSTRAINT `PTBTUserEvaluationUserId` FOREIGN KEY (`PTBTUserId`) REFERENCES `ptbtuser` (`PTBTUserId`);
COMMIT;

/*!40101 SET CHARACTER_SET_CLIENT=@OLD_CHARACTER_SET_CLIENT */;
/*!40101 SET CHARACTER_SET_RESULTS=@OLD_CHARACTER_SET_RESULTS */;
/*!40101 SET COLLATION_CONNECTION=@OLD_COLLATION_CONNECTION */;
